DOI,Journal,Year,All_Data,All_Code,Partial_Code,Appendix,Dryad,Zenodo,Figshare,OSF,Org_Database,Github,Other_Database,Other_Paper,Missing_Appendix,Missing_Broken_Link,Missing_Components, Database_Not_Enough_Info,Model_Code_Only,Notes
10.1016/j.biocon.2021.109075,BIOLOGICAL CONSERVATION,2021,0,0,0,0,0,0,0,0,0,0,0,0,0,0,0,0,0,
10.1016/j.biocon.2019.108373,BIOLOGICAL CONSERVATION,2020,0,0,0,0,0,0,0,0,0,0,0,0,0,0,0,0,0,
10.1016/j.biocon.2022.109488,BIOLOGICAL CONSERVATION,2022,0,0,0,0,0,0,0,0,0,0,0,0,0,0,0,0,0,
10.1016/j.biocon.2019.108196,BIOLOGICAL CONSERVATION,2019,0,0,1,1,0,0,0,0,0,0,0,0,0,0,0,0,0,
10.1016/j.biocon.2018.10.007,BIOLOGICAL CONSERVATION,2018,1,0,0,0,0,0,0,0,1,0,0,0,0,0,0,0,0,
10.1016/j.biocon.2021.109120,BIOLOGICAL CONSERVATION,2021,1,0,0,1,0,0,0,0,0,0,0,0,0,0,0,0,0,
10.1016/j.biocon.2021.109028,BIOLOGICAL CONSERVATION,2021,0,1,0,1,0,0,0,0,0,0,0,0,0,0,0,0,0,
10.1016/j.biocon.2017.11.008,BIOLOGICAL CONSERVATION,2018,0,0,0,0,0,0,0,0,0,0,0,0,0,0,0,0,0,
10.1016/j.biocon.2018.12.021,BIOLOGICAL CONSERVATION,2019,0,0,0,0,0,0,0,0,0,0,0,0,0,0,0,0,0,
10.1016/j.biocon.2019.02.007,BIOLOGICAL CONSERVATION,2019,0,0,0,0,0,0,0,0,0,0,0,0,0,0,0,0,0,
10.1016/j.biocon.2021.109424,BIOLOGICAL CONSERVATION,2022,0,0,0,0,0,0,0,0,0,0,0,0,0,0,0,0,0,
10.1016/j.biocon.2019.108383,BIOLOGICAL CONSERVATION,2020,0,0,0,0,0,0,0,0,0,0,0,0,0,0,0,0,0,
10.1016/j.biocon.2020.108436,BIOLOGICAL CONSERVATION,2020,0,0,1,1,0,0,0,0,0,0,0,0,0,0,0,0,1,BUGS
10.1016/j.biocon.2021.109433,BIOLOGICAL CONSERVATION,2022,0,0,0,1,0,0,0,0,0,0,0,0,1,0,0,0,0,Cite code appendix that doesn't exist
10.1016/j.biocon.2018.05.004,BIOLOGICAL CONSERVATION,2018,0,0,0,0,0,0,0,0,0,0,0,0,0,0,0,0,0,
10.1016/j.biocon.2021.109374,BIOLOGICAL CONSERVATION,2021,0,0,1,1,0,0,1,0,0,0,0,0,0,1,0,0,0,Data said to be on Figshare but no link and couldn't find it
10.1016/j.biocon.2020.108501,BIOLOGICAL CONSERVATION,2020,1,0,0,1,0,0,0,0,0,0,0,0,0,0,0,0,0,
10.1016/j.biocon.2018.04.023,BIOLOGICAL CONSERVATION,2018,0,0,1,1,0,0,0,0,0,0,0,0,0,0,0,0,1,BUGS
10.1016/j.biocon.2020.108649,BIOLOGICAL CONSERVATION,2020,0,0,0,0,0,0,0,0,0,0,0,0,0,0,0,0,0,
10.1016/j.biocon.2019.108287,BIOLOGICAL CONSERVATION,2019,0,0,0,0,0,0,0,0,0,0,0,0,0,0,0,0,0,
10.1016/j.biocon.2022.109793,BIOLOGICAL CONSERVATION,2022,1,1,0,0,0,0,1,0,0,0,0,0,0,0,0,0,0,
10.1016/j.biocon.2022.109568,BIOLOGICAL CONSERVATION,2022,1,1,0,1,0,0,0,0,0,0,0,0,0,0,0,0,0,
10.1016/j.biocon.2019.02.018,BIOLOGICAL CONSERVATION,2019,1,0,0,0,1,0,0,0,0,0,0,0,0,1,0,0,0,"Dryad, but no link in paper: https://datadryad.org/stash/dataset/doi:10.5061/dryad.q54rp"
10.1016/j.biocon.2018.01.033,BIOLOGICAL CONSERVATION,2018,0,0,1,1,0,0,0,0,0,0,0,0,0,0,0,0,1,BUGS
10.1016/j.biocon.2019.02.021,BIOLOGICAL CONSERVATION,2019,0,0,0,0,0,0,0,0,0,0,0,0,0,0,0,0,0,
10.1016/j.biocon.2021.109141,BIOLOGICAL CONSERVATION,2021,1,1,0,0,0,0,0,0,0,1,0,0,0,0,0,0,0,
10.1016/j.biocon.2019.108266,BIOLOGICAL CONSERVATION,2019,1,1,0,0,0,0,0,1,0,0,0,0,0,0,0,0,0,
10.1016/j.biocon.2022.109588,BIOLOGICAL CONSERVATION,2022,0,0,1,1,0,0,0,0,0,0,0,0,0,0,0,0,1,BUGS
10.1016/j.biocon.2018.08.017,BIOLOGICAL CONSERVATION,2018,0,0,0,0,0,0,0,0,0,0,0,0,0,0,0,0,0,
10.1016/j.biocon.2020.108672,BIOLOGICAL CONSERVATION,2020,0,0,1,1,0,0,0,0,0,0,0,0,0,0,0,0,1,BUGS
10.1016/j.biocon.2017.10.007,BIOLOGICAL CONSERVATION,2018,0,0,0,0,0,0,0,0,0,0,0,0,0,0,0,0,0,
10.1016/j.biocon.2021.109352,BIOLOGICAL CONSERVATION,2021,0,0,0,0,0,0,0,0,0,0,0,0,0,0,0,0,0,
10.1016/j.biocon.2019.108246,BIOLOGICAL CONSERVATION,2019,0,1,0,1,0,0,0,0,0,0,0,0,0,0,0,0,0,
10.1016/j.biocon.2020.108463,BIOLOGICAL CONSERVATION,2020,0,0,0,0,0,0,0,0,0,0,0,0,0,0,0,0,0,
10.1016/j.biocon.2020.108651,BIOLOGICAL CONSERVATION,2020,1,1,0,1,0,0,0,0,0,0,0,0,0,0,0,0,0,
10.1016/j.biocon.2018.02.015,BIOLOGICAL CONSERVATION,2018,0,0,0,0,0,0,0,0,0,0,0,0,0,0,0,0,0,
10.1016/j.biocon.2019.108376,BIOLOGICAL CONSERVATION,2020,0,0,0,0,0,0,0,0,0,0,1,0,0,0,0,0,0,Data stored in apparently closed database
10.1016/j.biocon.2019.108349,BIOLOGICAL CONSERVATION,2020,0,0,0,0,0,0,0,0,0,0,0,0,0,0,0,0,0,
10.1016/j.biocon.2020.108787,BIOLOGICAL CONSERVATION,2020,0,0,0,0,0,0,0,0,0,0,0,0,0,0,0,0,0,
10.1016/j.biocon.2021.109294,BIOLOGICAL CONSERVATION,2021,0,0,0,0,0,0,0,0,0,0,0,0,0,0,0,0,0,
10.1016/j.biocon.2020.108489,BIOLOGICAL CONSERVATION,2020,0,0,0,1,0,0,0,0,0,0,0,0,1,0,0,0,0,Claims to share code and data but appendix is missing
10.1016/j.biocon.2018.09.009,BIOLOGICAL CONSERVATION,2018,0,0,0,0,0,0,0,0,0,0,0,0,0,0,0,0,0,
10.1016/j.biocon.2019.05.017,BIOLOGICAL CONSERVATION,2019,0,0,0,0,0,0,0,0,0,0,0,0,0,0,0,0,0,
10.1016/j.biocon.2021.109290,BIOLOGICAL CONSERVATION,2021,0,0,1,1,0,0,0,0,0,0,0,0,0,1,0,0,1,BUGS  Data claimed to be shared but not linked
10.1016/j.biocon.2022.109593,BIOLOGICAL CONSERVATION,2022,1,1,0,0,0,0,0,0,0,0,1,0,0,0,0,0,0,On gdrive (claimed Zenodo also)
10.1016/j.biocon.2018.02.016,BIOLOGICAL CONSERVATION,2018,0,0,1,1,0,0,0,0,0,0,0,0,0,0,0,0,1,BUGS
10.1016/j.biocon.2021.109362,BIOLOGICAL CONSERVATION,2021,0,0,0,0,0,0,1,0,0,0,0,0,0,1,0,0,0,Claimed to be on figshare but no link
10.1016/j.biocon.2019.05.050,BIOLOGICAL CONSERVATION,2019,0,0,0,0,0,0,0,0,0,0,0,0,0,0,0,0,0,
10.1016/j.biocon.2019.108234,BIOLOGICAL CONSERVATION,2019,0,1,0,1,0,0,0,0,0,0,0,0,0,0,0,0,0,
10.1016/j.biocon.2017.11.020,BIOLOGICAL CONSERVATION,2018,0,0,1,1,0,0,0,0,0,0,0,0,0,0,0,0,0,
10.1016/j.biocon.2021.109128,BIOLOGICAL CONSERVATION,2021,0,0,1,1,0,0,0,0,0,0,0,0,0,0,0,0,0,R function included
10.1016/j.biocon.2019.01.030,BIOLOGICAL CONSERVATION,2019,0,0,1,1,0,0,0,0,0,0,0,0,0,0,0,0,1,BUGS
10.1016/j.biocon.2019.05.022,BIOLOGICAL CONSERVATION,2019,0,0,0,0,0,0,0,0,0,0,0,1,0,0,0,0,0,Code available in other cited paper
10.1016/j.biocon.2020.108911,BIOLOGICAL CONSERVATION,2021,1,0,0,0,0,0,1,0,0,0,0,0,0,0,0,0,0,Figshare
10.1016/j.biocon.2020.108874,BIOLOGICAL CONSERVATION,2021,0,0,0,0,0,0,0,0,0,0,0,0,0,0,0,0,0,
10.1016/j.biocon.2019.108276,BIOLOGICAL CONSERVATION,2019,0,0,0,0,0,0,0,0,0,0,0,0,0,0,0,0,0,
10.1016/j.biocon.2019.07.037,BIOLOGICAL CONSERVATION,2019,1,0,0,1,0,0,0,0,0,0,0,0,0,0,0,0,0,Only partial data (EH but not covs?)
10.1016/j.biocon.2021.109104,BIOLOGICAL CONSERVATION,2021,1,0,0,0,0,1,0,0,0,0,0,0,0,0,0,0,0,
10.1016/j.biocon.2020.108762,BIOLOGICAL CONSERVATION,2020,1,1,0,1,0,0,1,0,0,0,0,0,0,0,0,0,0,
10.1016/j.biocon.2022.109772,BIOLOGICAL CONSERVATION,2022,0,0,0,0,0,0,0,0,0,0,0,0,0,0,0,0,0,
10.1016/j.biocon.2018.10.002,BIOLOGICAL CONSERVATION,2018,0,0,1,1,0,0,0,0,0,0,0,0,0,0,0,0,0,Data is public (eBird) but actual subset downloaded not given
10.1016/j.biocon.2021.109247,BIOLOGICAL CONSERVATION,2021,0,0,0,0,1,0,0,0,0,0,0,0,0,1,0,0,0,Data said to be on Dryad but no link
10.1016/j.biocon.2019.108377,BIOLOGICAL CONSERVATION,2020,0,0,1,1,0,0,0,0,0,0,0,0,0,0,0,0,1,BUGS
10.1016/j.biocon.2018.05.013,BIOLOGICAL CONSERVATION,2018,0,0,0,0,0,0,0,0,0,0,0,0,0,0,0,0,0,
10.1016/j.biocon.2020.108638,BIOLOGICAL CONSERVATION,2020,0,0,0,0,0,0,0,0,0,0,0,0,0,0,0,0,0,
10.1016/j.biocon.2019.05.033,BIOLOGICAL CONSERVATION,2019,0,0,0,0,0,0,0,0,0,0,0,1,0,0,0,0,0,Cite book for code but very generic
10.1016/j.biocon.2019.108347,BIOLOGICAL CONSERVATION,2020,0,1,0,1,1,0,0,0,0,0,0,0,0,1,0,0,0,Data claimed to be on Dryad but no link
10.1016/j.biocon.2019.02.020,BIOLOGICAL CONSERVATION,2019,0,0,1,1,0,0,0,0,0,0,0,0,0,0,0,0,0,Code for auxiliary simulation
10.1016/j.biocon.2018.10.016,BIOLOGICAL CONSERVATION,2018,0,0,0,0,0,0,0,0,0,0,0,0,0,0,0,0,0,
10.1111/cobi.13269,CONSERVATION BIOLOGY,2019,0,1,0,1,0,0,0,0,0,0,0,1,0,0,0,0,0,Data from other papers (?)
10.1111/cobi.13047,CONSERVATION BIOLOGY,2018,0,0,1,1,0,0,0,0,0,0,0,0,0,0,0,0,1,BUGS
10.1111/cobi.13516,CONSERVATION BIOLOGY,2021,0,0,0,0,0,1,0,0,0,0,0,0,0,1,0,0,0,"Data on zenodo, but restricted"
10.1111/cobi.13750,CONSERVATION BIOLOGY,2021,0,0,1,1,0,0,0,0,0,0,0,0,0,0,0,0,0,Some R and BUGS code (examples?)
10.1111/cobi.13686,CONSERVATION BIOLOGY,2021,1,1,0,1,0,0,0,0,0,0,0,0,0,0,0,0,0,
10.1111/cobi.13943,CONSERVATION BIOLOGY,2022,0,0,0,0,0,0,0,0,0,0,0,0,0,0,0,0,0,
10.1111/cobi.13731,CONSERVATION BIOLOGY,2021,0,0,0,0,0,0,0,0,0,0,0,0,0,0,0,0,0,
10.1111/cobi.13345,CONSERVATION BIOLOGY,2020,0,0,0,0,0,0,0,0,0,0,0,0,0,0,0,0,0,
10.1111/cobi.13813,CONSERVATION BIOLOGY,2022,0,0,0,0,0,0,0,0,0,0,0,0,0,0,0,0,0,
10.1111/cobi.13839,CONSERVATION BIOLOGY,2022,0,0,1,1,0,0,0,0,0,0,0,0,0,0,0,0,1,BUGS
10.1111/cobi.13191,CONSERVATION BIOLOGY,2019,0,1,0,1,0,0,0,0,0,0,0,0,0,0,0,0,0,No data but complete simulation code I think
10.1111/cobi.13205,CONSERVATION BIOLOGY,2019,0,0,1,1,0,0,0,0,0,0,1,0,0,0,0,1,0,Breeding bird data cited but not provided
10.1111/cobi.13832,CONSERVATION BIOLOGY,2022,0,0,1,1,0,0,0,0,0,0,0,0,0,0,0,0,1,BUGS and simulation code
10.1111/cobi.13872,CONSERVATION BIOLOGY,2022,0,0,0,0,0,0,0,0,0,0,0,0,0,0,0,0,0,
10.1111/cobi.13449,CONSERVATION BIOLOGY,2020,0,0,1,1,0,0,0,0,0,0,0,0,0,0,0,0,0,data simulation code only
10.1111/cobi.13320,CONSERVATION BIOLOGY,2019,0,0,0,0,0,0,0,0,0,0,0,0,0,0,0,0,0,
10.1111/cobi.13194,CONSERVATION BIOLOGY,2019,0,0,0,0,0,0,0,0,0,0,0,0,0,0,0,0,0,
10.1111/cobi.13934,CONSERVATION BIOLOGY,2022,1,1,0,0,0,1,0,0,0,1,0,0,0,0,0,0,0,github
10.1111/cobi.13261,CONSERVATION BIOLOGY,2019,0,0,1,1,0,0,0,0,0,0,0,0,0,0,0,0,1,BUGS
10.1111/cobi.13384,CONSERVATION BIOLOGY,2020,0,0,0,0,0,0,0,0,0,0,0,0,0,0,0,0,0,
10.1111/cobi.13676,CONSERVATION BIOLOGY,2021,0,0,0,0,0,0,0,0,0,0,0,0,0,0,0,0,0,
10.1111/cobi.12979,CONSERVATION BIOLOGY,2018,0,0,1,1,0,0,0,0,0,0,0,0,0,0,0,0,1,BUGS
10.1002/ece3.5610,ECOLOGY AND EVOLUTION,2019,1,0,0,0,1,0,0,0,0,0,0,0,0,0,0,0,0,
10.1002/ece3.9250,ECOLOGY AND EVOLUTION,2022,1,1,0,0,0,1,0,0,0,0,0,0,0,0,0,0,1,BUGS in appendix
10.1002/ece3.9328,ECOLOGY AND EVOLUTION,2022,1,1,0,0,0,0,1,0,0,1,0,0,0,0,0,0,0,data at figshare code at github
10.1002/ece3.9627,ECOLOGY AND EVOLUTION,2022,1,1,0,0,0,0,1,0,0,0,0,0,0,0,0,0,0,
10.1002/ece3.7142,ECOLOGY AND EVOLUTION,2021,1,1,0,0,1,0,0,0,0,1,0,0,0,0,0,0,0,github and dryad
10.1002/ece3.4772,ECOLOGY AND EVOLUTION,2019,1,0,0,0,1,0,0,0,0,0,0,0,0,0,0,0,0,
10.1002/ece3.5097,ECOLOGY AND EVOLUTION,2019,1,0,0,0,1,0,0,0,0,0,0,0,0,0,0,0,0,Should exclude due to authors? Dryad
10.1002/ece3.8227,ECOLOGY AND EVOLUTION,2021,1,0,0,0,0,0,1,0,0,0,0,0,0,0,0,0,0,figshare
10.1002/ece3.4825,ECOLOGY AND EVOLUTION,2019,1,0,1,1,0,0,0,0,1,0,0,0,0,0,1,0,1,Some simulation code
10.1002/ece3.8149,ECOLOGY AND EVOLUTION,2021,1,0,1,0,1,1,0,0,0,0,0,0,0,0,0,0,0,Dryad and Zenodo
10.1002/ece3.8270,ECOLOGY AND EVOLUTION,2021,1,0,1,0,1,1,0,0,0,0,0,0,0,0,1,0,0,Mixture of Dryad and Zenodo -  has open research badge but only tiny amount of R code
10.1002/ece3.8662,ECOLOGY AND EVOLUTION,2022,1,1,0,1,0,0,0,0,0,0,0,0,0,0,0,0,0,Appendix
10.1002/ece3.8600,ECOLOGY AND EVOLUTION,2022,1,0,1,1,0,1,0,0,0,0,0,0,0,0,1,0,0,Only simulated data used in paper. Appendix and Zenodo.  only example code
10.1002/ece3.6522,ECOLOGY AND EVOLUTION,2020,1,0,0,0,0,1,0,0,0,0,0,0,0,0,0,0,0,Zenodo
10.1002/ece3.7629,ECOLOGY AND EVOLUTION,2021,1,1,0,0,0,0,0,0,1,0,0,0,0,0,0,0,0,NPS
10.1002/ece3.8921,ECOLOGY AND EVOLUTION,2022,0,0,0,0,0,0,0,0,0,0,0,0,0,0,0,0,0,
10.1002/ece3.8934,ECOLOGY AND EVOLUTION,2022,1,1,0,0,0,0,0,1,0,0,0,0,0,0,0,0,0,OSF
10.1002/ece3.4191,ECOLOGY AND EVOLUTION,2018,1,0,0,0,1,0,0,0,0,0,0,0,0,0,0,0,0,Dryad
10.1002/ece3.3954,ECOLOGY AND EVOLUTION,2018,0,0,0,0,0,0,0,0,0,0,0,0,0,0,0,0,0,
10.1002/ece3.8292,ECOLOGY AND EVOLUTION,2021,0,0,0,0,0,0,0,0,0,0,1,0,0,0,0,1,0,"Data not organized, sourced from databases"
10.1002/ece3.9274,ECOLOGY AND EVOLUTION,2022,1,1,0,1,0,0,0,0,0,0,0,0,0,0,0,0,0,"Only simulated data, appendix"
10.1002/ece3.8852,ECOLOGY AND EVOLUTION,2022,1,0,0,0,1,0,0,0,0,0,0,0,0,0,1,0,0,"Dryad, code claimed to be there but isn't"
10.1002/ece3.7846,ECOLOGY AND EVOLUTION,2021,0,0,0,0,0,0,0,0,0,0,0,0,0,0,0,0,0,
10.1002/ece3.5743,ECOLOGY AND EVOLUTION,2019,1,0,0,0,1,0,0,0,0,0,0,0,0,0,0,0,0,Dryad
10.1002/ece3.4820,ECOLOGY AND EVOLUTION,2019,0,0,0,0,0,0,0,0,1,0,0,0,0,1,0,0,0,"Data/code claimed to be on Kent repository, but no link provided"
10.1002/ece3.3750,ECOLOGY AND EVOLUTION,2018,1,1,0,0,0,1,0,0,0,0,0,0,0,0,0,0,0,Dryad
10.1002/ece3.8347,ECOLOGY AND EVOLUTION,2021,1,0,0,0,0,1,0,0,0,0,0,0,0,0,0,0,0,Dryad
10.1002/ece3.8799,ECOLOGY AND EVOLUTION,2022,1,1,0,0,0,0,0,0,1,0,0,0,0,0,0,0,0,USGS repos
10.1002/ece3.7316,ECOLOGY AND EVOLUTION,2021,0,0,0,0,0,0,0,0,0,0,0,0,0,0,0,0,0,
10.1002/ece3.8487,ECOLOGY AND EVOLUTION,2022,1,0,0,1,0,0,0,0,0,0,0,0,0,0,0,0,0,Data in appendix (questionably complete)
10.1002/ece3.7873,ECOLOGY AND EVOLUTION,2021,1,1,0,0,1,1,0,0,0,0,0,0,0,0,0,0,0,Dryad and Zenodo
10.1002/ece3.9104,ECOLOGY AND EVOLUTION,2022,1,1,0,0,0,0,0,0,1,0,0,0,0,0,0,0,0,"Simulated data only, USGS"
10.1002/ece3.5391,ECOLOGY AND EVOLUTION,2019,1,0,0,0,1,0,0,0,0,0,0,0,0,0,0,0,0,Dryad
10.1002/ece3.7955,ECOLOGY AND EVOLUTION,2021,1,0,0,0,0,0,1,0,0,0,0,0,0,0,0,0,0,Figshare
10.1002/ece3.7997,ECOLOGY AND EVOLUTION,2021,0,0,0,0,0,0,0,0,1,0,0,0,0,1,0,0,0,Claimed to be at Harvard but link broken
10.1002/ece3.9173,ECOLOGY AND EVOLUTION,2022,1,1,0,0,0,0,0,0,1,0,0,0,0,0,0,0,0,USGS
10.1002/ece3.4780,ECOLOGY AND EVOLUTION,2019,1,1,0,0,1,0,0,0,0,0,0,0,0,0,0,0,0,Dryad
10.1002/ece3.9239,ECOLOGY AND EVOLUTION,2022,1,0,0,0,0,0,1,0,0,0,0,0,0,0,0,0,0,Figshare
10.1002/ece3.5975,ECOLOGY AND EVOLUTION,2020,1,1,0,0,0,0,0,0,1,0,0,0,0,0,0,0,0,USGS
10.1002/ece3.7091,ECOLOGY AND EVOLUTION,2021,1,0,1,1,0,0,0,0,0,0,0,1,0,0,0,0,0,No code for case study.  appendix. data in other paper
10.1002/ece3.5809,ECOLOGY AND EVOLUTION,2019,1,1,0,0,1,0,0,0,0,0,0,0,0,0,0,0,0,Dryad
10.1002/ece3.4620,ECOLOGY AND EVOLUTION,2018,0,0,0,0,0,0,0,0,0,0,0,0,0,0,0,0,0,
10.1002/ece3.6048,ECOLOGY AND EVOLUTION,2020,1,0,1,1,0,0,1,0,0,0,0,0,0,0,0,0,0,Only example code
10.1002/ece3.4162,ECOLOGY AND EVOLUTION,2018,0,0,0,0,0,0,0,0,1,0,0,0,0,1,0,0,0,Claimed to be in repo but link is broken
10.1002/ece3.6500,ECOLOGY AND EVOLUTION,2020,1,0,0,0,1,0,0,0,0,0,0,0,0,0,0,0,0,Dryad
10.1002/ece3.4826,ECOLOGY AND EVOLUTION,2019,1,1,0,0,0,0,0,0,0,1,0,0,0,0,0,0,0,"Github, simulated data only"
10.1002/ece3.7875,ECOLOGY AND EVOLUTION,2021,1,0,0,0,1,0,0,0,0,0,0,0,0,0,0,0,0,Dryad
10.1002/ece3.4633,ECOLOGY AND EVOLUTION,2019,0,0,0,0,0,0,0,0,0,0,0,0,0,1,0,0,0,Data claimed to be in database but no details
10.1002/ece3.6822,ECOLOGY AND EVOLUTION,2020,1,0,0,0,1,0,0,0,0,0,0,0,0,0,0,0,0,Dryad
10.1002/ece3.6988,ECOLOGY AND EVOLUTION,2021,1,1,0,0,1,0,0,0,0,0,0,0,0,0,0,0,0,Dryad
10.1002/ece3.9600,ECOLOGY AND EVOLUTION,2022,0,0,1,0,1,0,0,0,0,0,0,0,0,1,0,0,1,Claimed dryad but link is broken
10.1002/ece3.8187,ECOLOGY AND EVOLUTION,2021,1,0,0,0,1,0,0,0,0,0,0,0,0,0,0,0,0,Dryad
10.1002/ece3.4907,ECOLOGY AND EVOLUTION,2019,1,0,0,0,0,0,0,0,0,0,1,0,0,0,0,0,0,Movebank
10.1002/ece3.9074,ECOLOGY AND EVOLUTION,2022,0,0,0,0,1,0,0,0,0,0,0,0,0,1,0,0,0,Claimed dryad but link is broken
10.1002/ece3.3970,ECOLOGY AND EVOLUTION,2018,0,0,0,1,0,0,0,0,0,0,0,0,1,0,0,0,0,Claimed appendix but missing
10.1002/ece3.4751,ECOLOGY AND EVOLUTION,2019,1,1,0,0,1,0,0,0,0,0,0,0,0,0,0,0,0,Dryad
10.1002/ece3.5551,ECOLOGY AND EVOLUTION,2019,1,1,0,0,0,0,0,0,0,1,0,0,0,0,0,0,0,"Simulated data only, github"
10.1002/ece3.5139,ECOLOGY AND EVOLUTION,2019,1,0,1,1,1,0,0,0,0,0,0,0,0,0,0,0,1,Code only for simulations (bugs)
10.1002/ece3.6053,ECOLOGY AND EVOLUTION,2020,1,1,0,0,0,0,0,0,0,1,0,0,0,0,0,0,0,Github
10.1002/ece3.4617,ECOLOGY AND EVOLUTION,2019,1,0,0,0,0,0,0,0,1,0,0,0,0,0,0,0,0,University database
10.1002/ece3.5668,ECOLOGY AND EVOLUTION,2019,0,0,0,0,0,0,0,0,0,0,0,0,0,0,0,0,0,
10.1002/ece3.4431,ECOLOGY AND EVOLUTION,2018,1,1,0,0,1,0,0,0,0,0,0,0,0,0,0,0,0,Dryad
10.1002/ece3.4023,ECOLOGY AND EVOLUTION,2018,1,0,0,0,1,0,0,0,0,0,0,0,0,0,0,0,0,Dryad
10.1002/ece3.7604,ECOLOGY AND EVOLUTION,2021,1,1,0,0,1,0,0,0,0,0,0,0,0,0,0,0,0,Dryad
10.1002/ece3.6797,ECOLOGY AND EVOLUTION,2020,1,1,0,0,1,0,0,0,0,0,0,0,0,0,0,0,0,Dryad (data at low resolution though)
10.1002/ece3.4512,ECOLOGY AND EVOLUTION,2018,1,0,0,0,1,0,0,0,0,0,0,0,0,0,0,0,0,Dryad
10.1002/ece3.6242,ECOLOGY AND EVOLUTION,2020,1,0,0,0,1,0,0,0,0,0,0,0,0,0,0,0,0,Dryad
10.1002/ece3.4822,ECOLOGY AND EVOLUTION,2019,0,0,1,1,0,0,0,0,0,0,0,0,0,0,0,0,1,BUGS
10.1002/ece3.9140,ECOLOGY AND EVOLUTION,2022,1,1,0,0,1,1,0,0,0,0,0,0,0,0,0,0,0,"Dryad, Zenodo"
10.1002/ece3.5121,ECOLOGY AND EVOLUTION,2019,0,0,0,0,0,0,0,0,1,0,0,0,0,1,0,0,0,Claimed to be on USDA database but no details
10.1002/ece3.4509,ECOLOGY AND EVOLUTION,2018,0,0,1,0,1,0,0,0,0,0,0,0,0,1,0,0,1,"Dryad but no link, BUGS and simulation code"
10.1002/ece3.9365,ECOLOGY AND EVOLUTION,2022,0,0,0,0,0,0,0,0,0,0,0,0,0,0,0,0,0,
10.1002/ece3.6990,ECOLOGY AND EVOLUTION,2020,1,1,0,0,1,0,0,0,0,0,0,0,0,0,0,0,0,"Dryad, but looks like unofficial link"
10.1002/ece3.5077,ECOLOGY AND EVOLUTION,2019,1,1,0,0,0,0,0,0,0,0,1,0,0,0,0,0,0,Pangaea
10.1002/ece3.9337,ECOLOGY AND EVOLUTION,2022,1,1,0,0,1,0,0,0,0,0,0,0,0,0,0,0,0,Dryad
10.1002/ecy.3535,ECOLOGY,2021,1,1,0,0,0,1,0,0,0,0,0,0,0,0,0,0,0,Zenodo
10.1002/ecy.2538,ECOLOGY,2019,1,0,1,1,0,0,0,0,0,0,0,0,0,0,0,0,1,Appendix
10.1002/ecy.3583,ECOLOGY,2022,1,1,0,0,0,1,0,0,0,0,0,0,0,0,0,0,0,Zenodo
10.1002/ecy.3769,ECOLOGY,2022,1,1,0,0,0,0,1,0,0,0,0,0,0,0,0,0,0,Figshare
10.1002/ecy.2438,ECOLOGY,2018,1,0,1,1,0,0,0,0,0,0,0,0,0,0,0,0,1,Appendix
10.1002/ecy.3832,ECOLOGY,2022,1,1,0,0,0,1,0,0,0,0,0,0,0,0,0,0,0,Dryad
10.1002/ecy.3544,ECOLOGY,2022,0,1,0,0,0,0,0,1,0,0,0,0,0,0,0,0,0,OSF
10.1002/ecy.3942,ECOLOGY,2022,1,1,0,0,0,1,0,0,0,0,0,0,0,0,0,0,0,Zenodo
10.1002/ecy.2362,ECOLOGY,2018,0,0,1,1,0,0,0,0,0,0,0,0,0,0,1,0,0,"Simulation, appendix, missing some code"
10.1002/ecy.2580,ECOLOGY,2019,0,1,0,0,0,1,0,0,0,0,0,0,0,0,0,0,0,"Zenodo, simulation, R packages (unclear if code is complete?)"
10.1002/ecy.2754,ECOLOGY,2019,0,1,0,1,0,0,0,0,0,0,0,0,0,0,0,0,1,"Appendix, simulation, BUGS"
10.1002/ecy.3676,ECOLOGY,2022,0,1,0,1,0,0,0,0,0,0,0,0,0,0,0,0,0,"Appendix, simulation"
10.1002/ecy.2166,ECOLOGY,2018,1,1,0,0,0,0,0,0,1,0,0,0,0,0,0,0,0,USGS
10.1002/ecy.2595,ECOLOGY,2019,1,1,0,1,0,0,1,0,0,0,0,0,0,0,0,0,0,"Appendix, Figshare"
10.1002/ecy.2703,ECOLOGY,2019,1,1,0,1,0,0,0,0,0,0,0,0,0,0,0,0,0,Appendix
10.1002/ecy.2759,ECOLOGY,2019,1,1,0,1,0,0,0,0,0,0,0,0,0,0,0,0,0,Appendix
10.1002/ecy.3576,ECOLOGY,2022,0,1,0,1,0,1,0,0,0,0,0,0,0,0,0,0,0,"Data sensitive, Zenodo, Appendix"
10.1002/ecy.2923,ECOLOGY,2020,1,1,0,1,0,0,0,0,0,0,0,1,0,0,0,0,0,"Data in other paper, Appendix"
10.1002/ecy.2093,ECOLOGY,2018,1,0,0,0,0,0,0,0,0,0,0,1,0,0,0,0,0,Data in other paper
10.1002/ecy.2700,ECOLOGY,2019,0,0,0,0,0,0,0,0,0,0,0,0,0,0,0,0,0,
10.1002/ecy.3241,ECOLOGY,2021,1,1,0,1,0,1,0,0,0,0,0,0,0,0,0,0,0,"Appendix, Zenodo"
10.1002/ecy.2054,ECOLOGY,2018,0,0,1,1,0,0,0,0,0,0,0,0,0,0,0,0,0,Appendix
10.1002/ecy.2709,ECOLOGY,2019,1,1,0,0,0,1,0,0,0,0,0,0,0,0,0,0,0,Zenodo
10.1002/ecy.3315,ECOLOGY,2021,1,1,0,0,1,0,0,0,0,0,0,0,0,0,0,0,0,"Dryad, has really good README"
10.1002/ecy.3563,ECOLOGY,2022,1,1,0,1,0,0,0,0,0,0,0,1,0,0,0,0,0,"Data in other papers (Dryad), Appendix, decent organization"
10.1002/ecy.3300,ECOLOGY,2021,1,1,0,0,0,1,0,0,0,0,0,0,0,0,0,0,0,
10.1002/ecy.3573,ECOLOGY,2022,1,1,0,1,0,1,0,0,0,0,0,1,0,0,0,0,0,
10.1002/ecy.3223,ECOLOGY,2021,0,0,0,0,0,0,0,0,0,0,0,0,0,0,0,0,0,
10.1002/ecy.3030,ECOLOGY,2020,0,0,1,0,0,1,0,0,0,0,0,0,0,0,0,0,0,Zenodo
10.1002/ecy.3887,ECOLOGY,2022,1,0,1,0,0,1,0,0,0,0,0,0,0,0,1,0,0,"Zenodo, no simulation code (?)"
10.1002/ecy.2189,ECOLOGY,2018,1,1,0,1,0,0,1,0,0,0,0,0,0,0,0,0,0,"Appendix, Figshare"
10.1002/ecy.3059,ECOLOGY,2020,1,1,0,1,1,0,0,0,0,0,0,0,0,0,0,0,0,"Appendix, Dryad"
10.1002/ecy.2120,ECOLOGY,2018,0,0,0,0,0,0,0,0,0,0,0,0,0,0,0,0,0,
10.1002/ecy.2777,ECOLOGY,2019,0,0,1,1,0,0,0,0,0,0,0,0,0,0,0,0,0,"Appendix, simulation code only"
10.1002/ecy.3772,ECOLOGY,2022,1,1,0,1,1,1,0,0,0,0,0,0,0,0,0,0,0,"Appendix, Dryad, Zenodo"
10.1002/ecy.3771,ECOLOGY,2022,1,1,0,0,1,1,0,0,0,0,0,0,0,0,0,0,0,"Dryad, Zenodo"
10.1002/ecy.3204,ECOLOGY,2021,1,1,0,0,0,1,0,0,0,0,0,0,0,0,0,0,0,Zenodo
10.1002/ecy.2969,ECOLOGY,2020,0,0,0,0,0,0,0,0,0,0,0,0,0,0,0,0,0,
10.1002/ecy.3024,ECOLOGY,2020,0,0,0,0,0,0,0,0,0,0,0,0,0,0,0,0,0,"Data sensitive, no code"
10.1002/ecy.3262,ECOLOGY,2021,1,1,0,1,0,1,0,0,0,0,0,0,0,0,0,0,0,"Appendix, Zenodo"
10.1002/ecs2.2217,ECOSPHERE,2018,1,0,0,0,0,0,0,0,0,0,0,0,0,0,0,0,0,
10.1002/ecs2.3385,ECOSPHERE,2021,1,0,1,1,0,0,0,0,0,0,0,1,0,0,0,0,0,"NIMBLE functions, data from other paper"
10.1002/ecs2.3395,ECOSPHERE,2021,0,0,1,1,0,0,0,0,0,0,0,0,0,0,0,0,1,BUGS
10.1002/ecs2.3352,ECOSPHERE,2021,1,0,0,0,0,0,0,0,0,0,1,0,0,0,0,0,0,Data available in outside database
10.1002/ecs2.3634,ECOSPHERE,2021,1,0,0,0,0,0,0,0,0,0,0,0,0,0,0,0,0,
10.1002/ecs2.4232,ECOSPHERE,2022,1,1,0,0,0,0,0,0,1,0,0,0,0,0,0,0,0,University database
10.1002/ecs2.3941,ECOSPHERE,2022,1,1,0,0,0,1,0,0,0,0,0,0,0,0,0,0,0,Zenodo
10.1002/ecs2.3259,ECOSPHERE,2020,0,0,0,0,0,0,0,0,0,0,0,0,0,0,0,0,0,
10.1002/ecs2.3469,ECOSPHERE,2021,1,0,1,1,0,1,0,0,0,0,0,0,0,0,0,0,1,"Zenodo, appendix, BUGS"
10.1002/ecs2.3067,ECOSPHERE,2020,0,0,0,0,0,0,0,0,0,0,0,0,0,0,0,0,0,
10.1002/ecs2.3892,ECOSPHERE,2022,1,0,1,1,1,0,0,0,0,0,0,0,0,0,1,0,0,"Dryad, Appendix, seems to be missing piece of analysis"
10.1002/ecs2.2586,ECOSPHERE,2019,0,0,1,1,0,0,0,0,0,0,0,0,0,0,0,0,0,"Appendix, code for simulation"
10.1002/ecs2.2824,ECOSPHERE,2019,0,0,0,1,0,0,0,0,0,0,0,0,0,1,0,0,0,"Appendix, ZIP is broken"
10.1002/ecs2.3827,ECOSPHERE,2021,0,0,0,0,0,0,0,0,0,0,0,0,0,0,0,0,0,
10.1002/ecs2.2396,ECOSPHERE,2018,0,0,0,0,0,0,0,0,0,0,0,0,0,0,0,0,0,
10.1002/ecs2.2756,ECOSPHERE,2019,1,1,0,1,0,0,0,0,0,0,0,0,0,0,0,0,0,Appendix
10.1002/ecs2.2555,ECOSPHERE,2019,0,0,0,0,0,0,0,0,0,0,0,0,0,0,0,0,0,
10.1002/ecs2.3141,ECOSPHERE,2020,0,0,1,1,0,0,0,0,0,0,0,0,0,0,0,0,1,"BUGS, Appendix"
10.1002/ecs2.2150,ECOSPHERE,2018,0,0,1,1,0,0,0,0,0,0,0,0,0,0,0,0,1,"BUGS, Appendix"
10.1002/ecs2.2203,ECOSPHERE,2018,0,0,0,0,0,0,0,0,0,0,0,0,0,0,0,0,0,
10.1002/ecs2.2718,ECOSPHERE,2019,0,0,1,1,0,0,0,0,0,0,0,0,0,0,0,0,1,"BUGS, Appendix"
10.1002/ecs2.3487,ECOSPHERE,2021,0,0,0,0,0,0,0,0,0,0,0,0,0,0,0,0,0,
10.1002/ecs2.3637,ECOSPHERE,2021,0,1,0,1,0,0,0,0,0,0,0,0,0,0,0,0,0,Appendix.  no case study data
10.1002/ecs2.2997,ECOSPHERE,2020,0,0,1,1,0,0,0,0,0,0,0,0,0,0,0,0,0,"Appendix, simulation code and data only"
10.1002/ecs2.2812,ECOSPHERE,2019,1,0,0,0,0,0,1,0,0,0,0,0,0,0,0,0,0,Figshare
10.1002/ecs2.3306,ECOSPHERE,2021,0,0,0,0,0,0,0,0,0,0,0,0,0,0,0,0,0,
10.1002/ecs2.2614,ECOSPHERE,2019,0,0,0,0,0,0,0,0,0,0,0,0,0,0,0,0,0,
10.1002/ecs2.4299,ECOSPHERE,2022,1,0,0,0,1,0,0,0,0,0,0,0,0,0,0,0,0,Dryad
10.1002/ecs2.2499,ECOSPHERE,2018,1,1,0,0,0,0,0,0,0,1,0,0,0,0,0,0,0,"Github, Docker, VERY COOL"
10.1002/ecs2.2946,ECOSPHERE,2019,0,0,0,1,0,0,0,0,0,0,0,0,1,0,0,0,0,Data/code supposed to be in Word doc but it's a blank file
10.1002/ecs2.2674,ECOSPHERE,2019,1,1,0,1,0,0,0,0,0,0,0,0,0,0,0,0,0,Appendix
10.1002/ecs2.3438,ECOSPHERE,2021,0,0,0,0,0,0,0,0,0,0,0,0,0,0,0,0,0,
10.1002/ecs2.3725,ECOSPHERE,2021,1,1,0,0,0,1,0,0,0,0,0,0,0,0,0,0,0,Zenodo
10.1002/ecs2.3886,ECOSPHERE,2021,1,0,1,0,0,0,1,0,0,0,0,0,0,0,0,0,1,Figshare
10.1002/ecs2.2384,ECOSPHERE,2018,1,1,0,1,0,0,0,0,0,0,0,0,0,0,0,0,0,Appendix
10.1002/ecs2.3350,ECOSPHERE,2021,1,0,0,0,0,0,1,0,0,0,0,0,0,0,0,0,0,Figshare
10.1002/ecs2.2291,ECOSPHERE,2018,1,1,0,1,0,0,0,0,0,0,0,0,0,0,0,0,0,Appendix
10.1002/ecs2.2479,ECOSPHERE,2018,1,1,0,1,0,0,0,0,0,0,0,0,0,0,0,0,0,"Appendix, huge data file"
10.1002/ecs2.4166,ECOSPHERE,2022,1,0,0,0,0,1,0,0,0,0,0,0,0,0,1,0,0,Zenodo (claims code available but it isn't)
10.1002/ecs2.2727,ECOSPHERE,2019,0,0,1,1,0,0,0,0,0,0,0,0,0,0,0,0,1,"BUGS, Appendix, Sensitive data"
10.1002/ecs2.3689,ECOSPHERE,2021,0,0,1,1,0,0,0,0,0,0,0,0,0,0,0,0,1,"BUGS, Appendix"
10.1002/ecs2.3770,ECOSPHERE,2021,1,0,0,0,1,0,0,0,0,0,0,0,0,0,0,0,0,Dryad
10.1002/ecs2.3370,ECOSPHERE,2021,1,1,0,0,0,0,0,0,0,1,0,0,0,0,0,0,0,Github
10.1002/ecs2.3499,ECOSPHERE,2021,1,1,0,0,0,0,1,0,0,0,0,0,0,0,0,0,0,Figshare
10.1002/ecs2.2346,ECOSPHERE,2018,0,0,0,0,0,0,0,0,0,0,0,0,0,0,0,0,0,
10.1002/ecs2.3666,ECOSPHERE,2021,1,1,0,1,0,0,0,0,0,0,0,0,0,0,0,0,0,Appendix
10.1002/ecs2.3710,ECOSPHERE,2021,0,0,0,0,0,0,0,0,0,0,0,0,0,0,0,0,0,
10.1002/ecs2.3815,ECOSPHERE,2021,0,0,0,0,0,0,0,0,0,0,0,0,0,0,0,0,0,
10.1002/ecs2.4190,ECOSPHERE,2022,1,0,0,0,0,0,0,0,1,0,0,0,0,0,0,0,0,USGS
10.1002/ecs2.3101,ECOSPHERE,2020,1,1,0,1,0,0,0,0,0,0,0,0,0,0,0,0,0,Appendix
10.1002/ecs2.2061,ECOSPHERE,2018,0,0,1,0,0,0,0,0,0,0,1,0,0,0,0,1,1,"Data from database, BUGS"
10.1002/ecs2.3131,ECOSPHERE,2020,0,0,1,1,0,0,0,0,0,0,0,0,0,0,0,0,1,"BUGS, Appendix"
10.1002/ecs2.3877,ECOSPHERE,2022,0,0,1,1,0,0,0,0,0,0,0,0,0,0,0,0,1,"BUGS, Appendix"
10.1002/ecs2.4142,ECOSPHERE,2022,1,1,0,0,0,1,0,0,0,0,0,0,0,0,0,0,0,Zenodo
10.1002/ecs2.3813,ECOSPHERE,2021,1,0,0,0,0,0,1,0,0,0,0,0,0,0,0,0,0,Figshare
10.1002/ecs2.2334,ECOSPHERE,2018,1,1,0,1,0,0,0,0,0,0,0,0,0,0,0,0,0,Appendix
10.1002/ecs2.3662,ECOSPHERE,2021,1,1,0,0,0,0,0,0,0,1,0,0,0,0,0,0,0,Github
10.1002/ecs2.2748,ECOSPHERE,2019,0,0,1,1,0,0,0,0,0,0,0,0,0,0,0,0,1,"BUGS, Appendix"
10.1002/ecs2.2639,ECOSPHERE,2019,0,0,1,1,0,0,0,0,0,0,0,0,0,0,1,0,0,"Appendix, Code for 1 figure and simulations (?)"
10.1002/ecs2.3443,ECOSPHERE,2021,0,0,1,1,0,0,0,0,0,0,0,0,0,0,0,0,1,"BUGS, Appendix"
10.1002/ecs2.3082,ECOSPHERE,2020,0,0,0,0,0,0,0,0,0,1,0,0,0,1,0,0,0,Claimed to be on Github but no direct link and associated repo seems to have been updated since
10.1002/ecs2.3571,ECOSPHERE,2021,0,0,0,0,0,0,0,0,0,1,0,0,0,1,0,0,0,"Claimed Github, links are dead"
10.1002/ecs2.2845,ECOSPHERE,2019,0,0,0,0,0,0,0,0,0,0,0,0,0,0,0,0,0,
10.1002/ecs2.3288,ECOSPHERE,2020,0,0,0,0,0,0,0,0,0,0,0,0,0,0,0,0,0,
10.1002/ecs2.4325,ECOSPHERE,2022,1,1,0,0,0,1,0,0,0,0,0,0,0,0,0,0,0,Zenodo
10.1002/ecs2.2092,ECOSPHERE,2018,0,0,0,0,0,0,0,0,1,0,0,0,0,1,0,0,0,Claimed to be archived at university database but no link
10.1002/ecs2.3696,ECOSPHERE,2021,1,0,0,0,0,0,1,0,0,0,0,0,0,0,0,0,0,Figshare
10.1002/ecs2.3172,ECOSPHERE,2020,1,0,1,1,0,0,0,0,0,0,0,0,0,0,0,0,0,Appendix
10.1002/ecs2.4212,ECOSPHERE,2022,1,0,0,0,1,0,0,0,0,0,0,0,0,0,0,0,0,Dryad
10.1002/ecs2.3960,ECOSPHERE,2022,1,0,1,1,0,0,0,0,1,0,0,0,0,0,0,0,1,"USGS, Appendix"
10.1002/ecs2.2853,ECOSPHERE,2019,1,0,0,0,1,0,0,0,0,0,0,0,0,0,0,0,0,Dryad
10.1002/ecs2.3810,ECOSPHERE,2021,1,1,0,1,0,0,0,0,0,0,0,0,0,0,0,0,0,Appendix
10.1002/ecs2.3381,ECOSPHERE,2021,1,1,0,1,0,0,0,0,0,0,0,0,0,0,0,0,0,Appendix
10.1002/ecs2.3774,ECOSPHERE,2021,1,0,1,1,0,0,0,0,0,0,1,0,0,0,1,0,1,"Data at KNB, code in appendix. BUGS. Missing code for case study, just example code"
10.1002/ecs2.2878,ECOSPHERE,2019,0,0,0,0,0,0,0,0,0,0,0,0,0,0,0,0,0,
10.1002/jwmg.22213,JOURNAL OF WILDLIFE MANAGEMENT,2022,0,0,0,0,0,0,0,0,0,0,0,0,0,0,0,0,0,
10.1002/jwmg.21887,JOURNAL OF WILDLIFE MANAGEMENT,2020,0,0,0,1,0,0,0,0,0,0,0,0,1,0,0,0,0,Data/code claimed to be in supporting information but are not
10.1002/jwmg.22347,JOURNAL OF WILDLIFE MANAGEMENT,2022,1,1,0,0,0,0,1,0,0,0,0,0,0,0,0,0,0,Figshare
10.1002/jwmg.22303,JOURNAL OF WILDLIFE MANAGEMENT,2022,0,0,0,0,0,0,0,0,0,0,0,0,0,0,0,0,0,
10.1002/jwmg.21787,JOURNAL OF WILDLIFE MANAGEMENT,2020,0,1,0,1,0,0,0,0,0,1,0,0,0,0,0,0,0,"Github, Appendix"
10.1002/jwmg.21890,JOURNAL OF WILDLIFE MANAGEMENT,2020,0,0,1,1,0,0,0,0,0,0,0,0,0,0,0,0,0,Appendix
10.1002/jwmg.21383,JOURNAL OF WILDLIFE MANAGEMENT,2018,0,0,0,0,0,0,0,0,0,0,0,0,0,0,0,0,0,
10.1002/jwmg.21761,JOURNAL OF WILDLIFE MANAGEMENT,2019,1,0,0,0,1,0,0,0,0,0,0,0,0,0,0,0,0,Dryad
10.1002/jwmg.22290,JOURNAL OF WILDLIFE MANAGEMENT,2022,0,0,0,0,0,0,0,0,0,0,0,0,0,0,0,0,0,
10.1002/jwmg.21950,JOURNAL OF WILDLIFE MANAGEMENT,2021,0,0,0,0,0,0,0,0,0,0,0,0,0,0,0,0,0,Github reference for code but no explicit link
10.1002/jwmg.22104,JOURNAL OF WILDLIFE MANAGEMENT,2021,0,0,0,0,0,0,0,0,0,0,0,0,0,0,0,0,0,
10.1002/jwmg.22200,JOURNAL OF WILDLIFE MANAGEMENT,2022,1,0,0,1,0,0,0,0,0,0,0,0,0,0,0,0,0,Appendix
10.1002/jwmg.21526,JOURNAL OF WILDLIFE MANAGEMENT,2018,0,0,1,1,0,0,0,0,0,0,0,0,0,0,0,0,1,"Simulation, BUGS, Appendix"
10.1002/jwmg.21860,JOURNAL OF WILDLIFE MANAGEMENT,2020,0,0,0,0,0,0,0,0,0,0,0,0,0,0,0,0,0,
10.1002/jwmg.21805,JOURNAL OF WILDLIFE MANAGEMENT,2020,0,0,1,1,0,0,0,0,0,0,0,0,0,0,0,0,1,"BUGS, Appendix"
10.1002/jwmg.21744,JOURNAL OF WILDLIFE MANAGEMENT,2019,0,0,0,0,0,0,0,0,0,0,0,0,0,0,0,0,0,
10.1002/jwmg.21970,JOURNAL OF WILDLIFE MANAGEMENT,2021,1,1,0,1,0,0,0,0,0,0,0,0,0,0,0,0,0,Appendix
10.1002/jwmg.22170,JOURNAL OF WILDLIFE MANAGEMENT,2022,0,1,0,1,0,0,0,0,0,0,0,0,0,0,0,0,0,Appendix
10.1002/jwmg.22205,JOURNAL OF WILDLIFE MANAGEMENT,2022,0,0,0,0,0,0,0,0,0,0,0,0,0,0,0,0,0,
10.1002/jwmg.22338,JOURNAL OF WILDLIFE MANAGEMENT,2022,0,0,1,0,0,0,0,0,1,0,0,0,0,0,0,0,0,"Code for simulation, USGS"
10.1002/jwmg.21846,JOURNAL OF WILDLIFE MANAGEMENT,2020,0,0,0,0,0,0,0,0,0,0,0,0,0,0,0,0,0,
10.1002/jwmg.21347,JOURNAL OF WILDLIFE MANAGEMENT,2018,0,0,0,0,0,0,0,0,0,0,0,0,0,0,0,0,0,
10.1002/jwmg.22033,JOURNAL OF WILDLIFE MANAGEMENT,2021,1,1,0,0,0,0,0,0,0,1,0,0,0,0,0,0,0,Github
10.1002/jwmg.22054,JOURNAL OF WILDLIFE MANAGEMENT,2021,0,0,0,0,0,0,0,0,0,0,0,0,0,0,0,0,0,
10.1002/jwmg.22045,JOURNAL OF WILDLIFE MANAGEMENT,2021,0,0,0,0,0,0,0,0,0,0,0,0,0,0,0,0,0,
10.1002/jwmg.21654,JOURNAL OF WILDLIFE MANAGEMENT,2019,0,0,0,0,0,0,0,0,0,0,0,0,0,0,0,0,0,
10.1002/jwmg.21949,JOURNAL OF WILDLIFE MANAGEMENT,2020,0,0,0,0,0,0,0,0,0,0,0,0,0,0,0,0,0,
10.1002/jwmg.21545,JOURNAL OF WILDLIFE MANAGEMENT,2018,0,0,0,0,0,0,0,0,0,0,0,0,0,0,0,0,0,
10.1002/jwmg.21745,JOURNAL OF WILDLIFE MANAGEMENT,2019,0,0,0,0,0,0,0,0,0,0,0,0,0,0,0,0,0,
10.1002/jwmg.21541,JOURNAL OF WILDLIFE MANAGEMENT,2018,0,0,0,0,0,0,0,0,0,0,0,0,0,0,0,0,0,
10.1002/jwmg.21775,JOURNAL OF WILDLIFE MANAGEMENT,2020,0,0,0,0,0,0,0,0,0,0,0,0,0,0,0,0,0,
10.1002/jwmg.21686,JOURNAL OF WILDLIFE MANAGEMENT,2019,0,0,0,0,0,0,0,0,0,0,0,0,0,0,0,0,0,
10.1002/jwmg.22060,JOURNAL OF WILDLIFE MANAGEMENT,2021,0,0,0,0,0,0,0,0,0,0,0,0,0,0,0,0,0,
10.1002/jwmg.22282,JOURNAL OF WILDLIFE MANAGEMENT,2022,0,0,0,0,0,0,0,0,0,0,0,0,0,0,0,0,0,
10.1002/jwmg.22296,JOURNAL OF WILDLIFE MANAGEMENT,2022,0,1,0,1,0,0,0,0,0,0,0,0,0,0,0,0,0,Appendix
10.1002/jwmg.21616,JOURNAL OF WILDLIFE MANAGEMENT,2019,0,0,0,0,0,0,0,0,0,0,0,0,0,0,0,0,0,
10.1002/jwmg.21840,JOURNAL OF WILDLIFE MANAGEMENT,2020,0,0,0,0,0,0,0,0,0,0,0,0,0,0,0,0,0,
10.1002/jwmg.21507,JOURNAL OF WILDLIFE MANAGEMENT,2018,1,1,0,1,0,0,0,0,0,0,0,0,0,0,0,0,0,Appendix
10.1002/jwmg.21621,JOURNAL OF WILDLIFE MANAGEMENT,2019,0,0,0,0,0,0,0,0,0,0,0,0,0,0,0,0,0,
10.1002/jwmg.21998,JOURNAL OF WILDLIFE MANAGEMENT,2021,0,0,0,0,0,0,0,0,0,0,0,0,0,0,0,0,0,
10.1002/jwmg.22294,JOURNAL OF WILDLIFE MANAGEMENT,2022,0,0,1,1,0,0,0,0,0,0,0,0,0,0,0,0,1,"BUGS, Appendix"
10.1002/jwmg.21675,JOURNAL OF WILDLIFE MANAGEMENT,2019,1,1,0,0,0,1,0,0,0,0,0,0,0,0,0,0,0,Zenodo
10.1002/jwmg.22307,JOURNAL OF WILDLIFE MANAGEMENT,2022,0,0,0,0,0,0,0,0,0,0,0,0,0,0,0,0,0,
10.1002/jwmg.21389,JOURNAL OF WILDLIFE MANAGEMENT,2018,0,0,0,0,0,0,0,0,0,0,0,0,0,0,0,0,0,
10.1002/jwmg.21620,JOURNAL OF WILDLIFE MANAGEMENT,2019,0,1,0,1,0,0,0,0,0,0,0,0,0,0,0,0,0,Appendix
10.1002/jwmg.22252,JOURNAL OF WILDLIFE MANAGEMENT,2022,1,1,0,0,0,1,0,0,0,0,0,0,0,0,0,0,0,Zenodo
10.1002/jwmg.21492,JOURNAL OF WILDLIFE MANAGEMENT,2018,0,0,0,0,0,0,0,0,0,0,0,0,0,0,0,0,0,
10.1002/jwmg.22199,JOURNAL OF WILDLIFE MANAGEMENT,2022,0,0,0,0,0,0,0,0,0,0,0,0,0,1,0,0,0,Claim data will be added to repository but no link
10.1002/jwmg.22280,JOURNAL OF WILDLIFE MANAGEMENT,2022,1,1,0,0,0,0,1,0,0,0,0,0,0,0,0,0,0,Figshare
10.1002/jwmg.21849,JOURNAL OF WILDLIFE MANAGEMENT,2020,0,0,0,0,0,0,0,0,0,0,0,0,0,0,0,0,0,
10.1002/jwmg.22057,JOURNAL OF WILDLIFE MANAGEMENT,2021,1,1,0,0,0,0,1,0,0,0,0,0,0,0,0,0,0,Figshare
10.1002/jwmg.21585,JOURNAL OF WILDLIFE MANAGEMENT,2019,0,0,0,0,0,0,0,0,0,0,0,0,0,0,0,0,0,
10.1002/jwmg.21981,JOURNAL OF WILDLIFE MANAGEMENT,2021,0,0,0,0,0,0,0,0,0,0,0,0,0,0,0,0,0,
10.1002/jwmg.22043,JOURNAL OF WILDLIFE MANAGEMENT,2021,0,0,0,0,0,0,0,0,0,0,0,0,0,0,0,0,0,
10.1002/jwmg.21439,JOURNAL OF WILDLIFE MANAGEMENT,2018,0,0,0,0,0,0,0,0,0,0,0,0,0,0,0,0,0,
10.1002/jwmg.22185,JOURNAL OF WILDLIFE MANAGEMENT,2022,0,0,1,1,0,0,0,0,0,0,1,0,0,0,0,1,1,"Data in database but no specific link; BUGS, Appendix"
10.1002/jwmg.21632,JOURNAL OF WILDLIFE MANAGEMENT,2019,0,0,0,0,0,0,0,0,0,0,0,0,0,0,0,0,0,
10.1002/jwmg.22150,JOURNAL OF WILDLIFE MANAGEMENT,2022,0,0,0,0,0,0,0,0,0,0,0,0,0,0,0,0,0,
10.1002/jwmg.21506,JOURNAL OF WILDLIFE MANAGEMENT,2018,0,0,0,0,0,0,0,0,0,0,0,0,0,0,0,0,0,
10.1002/jwmg.21967,JOURNAL OF WILDLIFE MANAGEMENT,2021,0,0,1,1,0,0,0,0,0,0,0,0,0,0,0,0,0,"Simulation code, Appendix"
10.1002/jwmg.21788,JOURNAL OF WILDLIFE MANAGEMENT,2020,0,0,0,0,0,0,0,0,0,0,0,0,0,0,0,0,0,
10.1002/jwmg.21466,JOURNAL OF WILDLIFE MANAGEMENT,2018,0,0,1,1,0,0,0,0,0,0,0,0,0,0,0,0,0,"Simulation code, Appendix"
10.1002/jwmg.22298,JOURNAL OF WILDLIFE MANAGEMENT,2022,0,0,0,0,0,0,0,0,0,0,0,0,0,0,0,0,0,
10.1002/jwmg.21803,JOURNAL OF WILDLIFE MANAGEMENT,2020,0,1,0,1,0,0,0,0,0,0,0,0,0,0,0,0,0,"Appendix, sample data only"
10.1002/jwmg.22188,JOURNAL OF WILDLIFE MANAGEMENT,2022,0,0,0,0,0,0,0,0,0,0,0,0,0,0,0,0,0,
10.1002/jwmg.22233,JOURNAL OF WILDLIFE MANAGEMENT,2022,1,1,0,1,0,0,0,0,0,0,0,0,0,0,0,0,0,Appendix
10.1002/jwmg.22059,JOURNAL OF WILDLIFE MANAGEMENT,2021,0,1,0,0,0,0,0,0,0,1,0,0,0,0,0,0,0,Github
10.1002/jwmg.21587,JOURNAL OF WILDLIFE MANAGEMENT,2019,0,0,0,0,0,0,0,0,0,0,0,0,0,0,0,0,0,
10.1002/jwmg.22169,JOURNAL OF WILDLIFE MANAGEMENT,2022,0,1,0,0,0,0,0,0,0,1,0,0,0,0,0,0,0,"Github, simulated data only"
10.1002/jwmg.21432,JOURNAL OF WILDLIFE MANAGEMENT,2018,0,0,0,0,0,0,0,0,0,0,0,0,0,0,0,0,0,
10.1002/jwmg.21684,JOURNAL OF WILDLIFE MANAGEMENT,2019,0,0,0,0,0,0,0,0,0,0,0,0,0,0,0,0,0,
10.1002/jwmg.21589,JOURNAL OF WILDLIFE MANAGEMENT,2019,0,0,0,0,0,0,0,0,0,0,0,0,0,0,0,0,0,
10.1002/jwmg.22105,JOURNAL OF WILDLIFE MANAGEMENT,2021,0,0,1,1,0,0,0,0,0,0,0,0,0,0,0,0,1,"BUGS, Appendix"
10.1002/jwmg.22158,JOURNAL OF WILDLIFE MANAGEMENT,2022,0,0,1,1,0,0,0,0,0,0,0,0,0,0,0,0,1,"BUGS, Appendix"
10.1002/jwmg.21801,JOURNAL OF WILDLIFE MANAGEMENT,2020,0,0,0,0,0,0,0,0,0,0,0,0,0,0,0,0,0,
10.1111/2041-210X.13002,METHODS IN ECOLOGY AND EVOLUTION,2018,1,0,1,0,0,1,0,0,0,0,0,0,0,0,0,0,0,Zenodo.  no code for case study
10.1111/2041-210X.13895,METHODS IN ECOLOGY AND EVOLUTION,2022,1,1,0,0,0,1,0,0,0,0,0,0,0,0,0,0,0,Zenodo
10.1111/2041-210X.13068,METHODS IN ECOLOGY AND EVOLUTION,2018,1,1,0,0,0,1,0,0,0,0,0,0,0,0,0,0,0,Zenodo
10.1111/2041-210X.13315,METHODS IN ECOLOGY AND EVOLUTION,2020,1,1,0,0,1,0,0,0,1,0,0,0,0,0,0,0,0,"Dryad, USGS repo"
10.1111/2041-210X.12950,METHODS IN ECOLOGY AND EVOLUTION,2018,1,1,0,0,0,1,0,0,0,0,0,0,0,0,0,0,0,Zenodo
10.1111/2041-210X.13378,METHODS IN ECOLOGY AND EVOLUTION,2020,1,1,0,0,1,0,0,0,0,0,0,0,0,0,0,0,0,Dryad
10.1111/2041-210X.13936,METHODS IN ECOLOGY AND EVOLUTION,2022,1,0,1,0,0,1,0,0,0,0,0,0,0,0,0,0,0,Zenodo.  no case study code
10.1111/2041-210X.13589,METHODS IN ECOLOGY AND EVOLUTION,2021,1,1,0,0,0,1,0,0,0,0,0,0,0,0,0,0,0,Zenodo
10.1111/2041-210X.13897,METHODS IN ECOLOGY AND EVOLUTION,2022,1,1,0,0,0,1,0,0,0,0,0,0,0,0,0,0,0,Zenodo. Excluded because Doser is author
10.1111/2041-210X.13192,METHODS IN ECOLOGY AND EVOLUTION,2019,1,1,0,0,0,0,0,1,0,0,0,0,0,0,0,0,0,NPS
10.1111/2041-210X.13176,METHODS IN ECOLOGY AND EVOLUTION,2019,1,1,0,1,0,0,0,0,0,0,1,0,0,0,0,0,0,"CRAN, Appendix"
10.1111/2041-210X.13147,METHODS IN ECOLOGY AND EVOLUTION,2019,1,1,0,0,1,0,0,0,0,0,0,0,0,0,0,0,0,Dryad
10.1111/2041-210X.12983,METHODS IN ECOLOGY AND EVOLUTION,2018,1,1,0,0,0,0,1,0,0,0,0,0,0,0,0,0,0,Figshare
10.1111/2041-210X.13947,METHODS IN ECOLOGY AND EVOLUTION,2022,1,0,1,1,1,1,0,0,0,0,0,0,0,0,1,0,0,"Zenodo, Dryad, Appendix, missing some case study code (?)"
10.1111/2041-210X.12910,METHODS IN ECOLOGY AND EVOLUTION,2018,1,0,1,1,1,0,0,0,0,0,0,0,0,0,1,0,1,"Dryad, Appendix, BUGS, missing some case study code (?)"
10.1111/2041-210X.13825,METHODS IN ECOLOGY AND EVOLUTION,2022,1,1,0,0,0,0,0,0,0,1,0,0,0,0,0,0,0,Github
10.1111/2041-210X.13522,METHODS IN ECOLOGY AND EVOLUTION,2021,1,1,0,0,0,1,0,0,0,0,0,0,0,0,0,0,0,Zenodo
10.1111/2041-210X.13370,METHODS IN ECOLOGY AND EVOLUTION,2020,1,0,0,0,1,0,0,0,0,0,0,0,0,0,0,0,0,Dryad
10.1111/2041-210X.13195,METHODS IN ECOLOGY AND EVOLUTION,2019,1,1,0,0,1,0,0,0,0,0,0,0,0,0,0,0,0,Dryad
10.1111/2041-210X.13442,METHODS IN ECOLOGY AND EVOLUTION,2020,1,1,0,0,0,1,0,0,0,0,0,0,0,0,0,0,0,"CRAN, Zenodo"
10.1111/2041-210X.13858,METHODS IN ECOLOGY AND EVOLUTION,2022,1,1,0,0,0,1,0,0,0,0,1,0,0,0,0,0,0,"Zenodo, NEON database"
10.1111/2041-210X.13732,METHODS IN ECOLOGY AND EVOLUTION,2022,1,1,0,0,1,1,0,0,0,0,0,0,0,0,0,0,0,"Zenodo, Dryad"
10.1111/2041-210X.14032,METHODS IN ECOLOGY AND EVOLUTION,2022,1,1,0,0,0,1,0,0,0,0,0,0,0,0,0,0,0,Zenodo
10.1111/2041-210X.13030,METHODS IN ECOLOGY AND EVOLUTION,2018,1,1,0,0,1,0,0,0,0,0,0,0,0,0,0,0,0,Dryad
10.1111/2041-210X.13905,METHODS IN ECOLOGY AND EVOLUTION,2022,1,1,0,0,1,0,0,0,0,0,0,0,0,0,0,0,0,Dryad
10.1111/2041-210X.13517,METHODS IN ECOLOGY AND EVOLUTION,2021,1,1,0,0,0,1,0,0,0,0,0,0,0,0,0,0,0,Zenodo
10.1111/2041-210X.13117,METHODS IN ECOLOGY AND EVOLUTION,2019,1,1,0,0,1,0,0,0,0,0,0,0,0,0,0,0,0,Dryad
10.1111/2041-210X.13065,METHODS IN ECOLOGY AND EVOLUTION,2018,0,0,0,0,1,0,0,0,0,0,0,0,0,1,0,0,0,Dryad but link is broken
10.1111/2041-210X.13362,METHODS IN ECOLOGY AND EVOLUTION,2020,1,0,0,0,1,0,0,0,0,0,0,0,0,0,0,0,0,Dryad
10.1111/2041-210X.13881,METHODS IN ECOLOGY AND EVOLUTION,2022,1,1,0,0,1,1,0,0,0,0,0,0,0,0,0,0,0,"Dryad, Zenodo"
10.1111/2041-210X.12838,METHODS IN ECOLOGY AND EVOLUTION,2018,1,0,0,0,1,0,0,0,0,0,0,0,0,0,0,0,0,Dryad
10.1111/2041-210X.13379,METHODS IN ECOLOGY AND EVOLUTION,2020,1,0,1,0,1,1,0,0,0,0,0,0,0,0,0,0,0,"Dryad, Zenodo; missing case study code"
10.1111/2041-210X.12951,METHODS IN ECOLOGY AND EVOLUTION,2018,1,1,0,1,1,0,0,0,0,0,0,0,0,0,0,0,0,"Dryad, Appendix "
10.1111/2041-210X.13896,METHODS IN ECOLOGY AND EVOLUTION,2022,1,1,0,0,0,0,0,0,0,1,0,0,0,0,0,0,0,Github
10.1111/2041-210X.12985,METHODS IN ECOLOGY AND EVOLUTION,2018,1,0,1,1,1,0,0,0,0,0,0,0,0,0,0,0,0,"Dryad, Appendix, missing actual implementation code (?)"
10.1111/2041-210X.12868,METHODS IN ECOLOGY AND EVOLUTION,2018,1,1,0,0,1,1,0,0,0,0,0,0,0,0,1,0,0,"Dryad, Zenodo"
10.1111/2041-210X.13014,METHODS IN ECOLOGY AND EVOLUTION,2018,1,1,0,0,0,0,0,0,0,0,1,0,0,0,0,0,0,CRAN (data is in package)
10.1111/2041-210X.13811,METHODS IN ECOLOGY AND EVOLUTION,2022,1,1,0,0,0,1,0,0,0,0,0,0,0,0,0,0,0,Zenodo.  exclude because Doser is author
10.1111/2041-210X.13158,METHODS IN ECOLOGY AND EVOLUTION,2019,1,1,0,1,1,0,0,0,0,0,0,0,0,0,0,0,0,"Dryad, Appendix"
10.1111/2041-210X.13831,METHODS IN ECOLOGY AND EVOLUTION,2022,1,1,0,0,0,1,0,0,0,0,0,0,0,0,0,0,0,Zenodo
10.1111/2041-210X.13875,METHODS IN ECOLOGY AND EVOLUTION,2022,1,0,1,0,1,1,0,0,0,0,0,0,0,0,0,0,1,"Dryad, Zenodo; missing part of case study code"
10.1111/2041-210X.13012,METHODS IN ECOLOGY AND EVOLUTION,2018,0,0,0,0,1,0,0,0,0,0,1,0,0,0,0,1,0,Dryad
10.1111/2041-210X.13578,METHODS IN ECOLOGY AND EVOLUTION,2021,1,1,0,0,0,1,0,0,0,0,0,0,0,0,0,0,0,Zenodo.  exclude because Doser is author
10.1111/2041-210X.13082,METHODS IN ECOLOGY AND EVOLUTION,2019,1,0,0,0,1,0,0,0,0,0,0,0,0,0,0,0,0,Dryad
10.1111/2041-210X.13993,METHODS IN ECOLOGY AND EVOLUTION,2022,1,1,0,0,1,1,0,0,0,0,0,0,0,0,0,0,0,"Dryad, Zenodo"
10.1111/2041-210X.12895,METHODS IN ECOLOGY AND EVOLUTION,2018,1,1,0,0,0,0,1,0,0,0,0,0,0,0,0,0,0,Figshare
10.1111/2041-210X.12932,METHODS IN ECOLOGY AND EVOLUTION,2018,1,0,1,1,0,0,0,0,1,0,0,0,0,0,0,0,1,"NPS, Appendix, BUGS"
10.1111/2041-210X.13576,METHODS IN ECOLOGY AND EVOLUTION,2021,1,1,0,0,0,1,0,0,1,0,0,0,0,0,0,0,0,"University database, Zenodo"
10.1111/2041-210X.13457,METHODS IN ECOLOGY AND EVOLUTION,2020,1,0,0,0,1,1,0,0,0,0,0,0,0,1,0,0,0,"Dryad, Zenodo link is broken (goes to Dryad)"
10.1371/journal.pone.0213654,PLOS ONE,2019,0,0,0,0,0,0,1,0,0,0,0,0,0,1,0,0,0,Claimed Figshare but no link
10.1371/journal.pone.0270082,PLOS ONE,2022,0,0,0,1,0,0,0,0,0,0,0,0,1,0,0,0,0,Claimed data is in SI but it isn't
10.1371/journal.pone.0215458,PLOS ONE,2019,1,1,0,1,1,0,0,0,0,0,0,0,0,0,0,0,0,"Dryad, Appendix"
10.1371/journal.pone.0191730,PLOS ONE,2018,1,1,0,0,1,0,0,0,0,0,0,0,0,0,0,0,0,Dryad
10.1371/journal.pone.0241198,PLOS ONE,2020,1,1,0,0,0,0,0,0,0,1,0,0,0,0,0,0,0,Github
10.1371/journal.pone.0198766,PLOS ONE,2018,0,1,0,1,0,0,0,0,0,0,0,0,1,0,0,0,0,Claim data is in appendix but it isn't
10.1371/journal.pone.0243338,PLOS ONE,2021,1,0,0,1,0,0,0,0,0,0,0,0,0,0,0,0,0,Appendix
10.1371/journal.pone.0240049,PLOS ONE,2020,1,1,0,0,0,0,0,0,0,1,0,0,0,0,0,0,0,Github
10.1371/journal.pone.0208726,PLOS ONE,2018,1,0,1,1,0,0,0,0,0,0,0,0,0,0,0,0,0,Appendix.  missing case study code
10.1371/journal.pone.0219244,PLOS ONE,2019,1,1,0,0,0,0,1,0,0,0,0,0,0,0,0,0,0,Appendix
10.1371/journal.pone.0210878,PLOS ONE,2019,1,1,0,1,0,0,0,0,0,0,0,0,0,0,0,0,0,Appendix
10.1371/journal.pone.0273707,PLOS ONE,2022,1,0,0,1,0,0,0,0,0,0,0,0,0,0,0,0,0,Appendix
10.1371/journal.pone.0227468,PLOS ONE,2020,1,0,0,1,0,0,0,0,0,0,0,0,0,0,0,0,0,Appendix
10.1371/journal.pone.0250657,PLOS ONE,2021,1,0,0,1,0,0,0,0,0,0,0,0,0,0,0,0,0,Appendix
10.1371/journal.pone.0245973,PLOS ONE,2021,1,1,0,0,0,0,0,0,1,0,0,0,0,0,0,0,0,USGS
10.1371/journal.pone.0231832,PLOS ONE,2020,0,0,0,1,0,0,0,0,0,0,0,0,0,0,1,0,0,Partial data in appendix
10.1371/journal.pone.0232013,PLOS ONE,2020,1,1,0,1,0,0,0,0,0,0,0,0,0,0,0,0,0,Appendix
10.1371/journal.pone.0216447,PLOS ONE,2019,1,0,0,1,0,0,0,0,0,0,0,0,0,0,0,0,0,Appendix
10.1371/journal.pone.0213943,PLOS ONE,2019,0,0,0,0,0,0,0,0,1,0,0,0,0,1,0,0,0,Claim data and code will be on ScienceBase but no final link provided
10.1371/journal.pone.0240989,PLOS ONE,2020,1,0,1,1,0,0,0,0,0,0,0,0,0,0,0,0,1,"BUGS, Appendix"
10.1371/journal.pone.0228374,PLOS ONE,2020,0,0,0,0,1,0,0,0,0,0,0,0,0,1,0,0,0,Claim data in Dryad but link is broken
10.1371/journal.pone.0202254,PLOS ONE,2018,1,0,1,1,0,0,0,0,0,0,0,0,0,0,0,0,1,"BUGS, Appendix"
10.1371/journal.pone.0217172,PLOS ONE,2019,1,0,1,1,0,0,0,0,0,0,0,0,0,0,0,0,0,Appendix
10.1371/journal.pone.0265440,PLOS ONE,2022,0,0,0,1,0,0,0,0,0,0,0,0,1,0,0,0,0,Claim data is in appendix but it isn't
10.1371/journal.pone.0215682,PLOS ONE,2019,1,1,0,1,0,0,1,0,0,0,0,0,0,0,0,0,0,"Dryad, Appendix"
10.1371/journal.pone.0236978,PLOS ONE,2020,1,1,0,1,0,0,0,0,0,0,0,0,0,0,0,0,0,Appendix
10.1371/journal.pone.0250900,PLOS ONE,2021,1,0,0,0,1,0,0,0,0,0,0,0,0,0,0,0,0,Dryad
10.1371/journal.pone.0252748,PLOS ONE,2021,1,1,0,1,0,0,0,0,0,0,0,0,0,0,0,0,0,Appendix
10.1371/journal.pone.0222879,PLOS ONE,2019,1,0,0,0,0,0,0,1,0,0,0,0,0,0,0,0,0,OSF
10.1371/journal.pone.0227092,PLOS ONE,2019,1,0,0,1,0,0,0,0,0,0,0,0,0,0,0,0,0,Appendix
10.1371/journal.pone.0199396,PLOS ONE,2018,1,0,0,1,0,0,0,0,0,0,0,0,0,0,0,0,0,Appendix
10.1371/journal.pone.0265730,PLOS ONE,2022,1,0,1,1,0,0,1,0,0,0,0,0,0,0,0,0,1,"BUGS, Figshare"
10.1371/journal.pone.0231744,PLOS ONE,2020,1,1,0,0,0,0,0,0,1,0,0,0,0,0,0,0,0,USGS
10.1371/journal.pone.0224119,PLOS ONE,2020,0,0,1,1,0,0,0,0,0,0,0,0,0,0,0,0,1,"BUGS, Appendix"
10.1371/journal.pone.0247536,PLOS ONE,2021,1,0,0,1,0,0,0,0,0,0,0,0,0,0,0,0,0,Appendix
10.1371/journal.pone.0203304,PLOS ONE,2018,1,0,0,0,0,0,0,0,0,0,1,0,0,0,0,0,0,Outside database (accession numbers)
10.1371/journal.pone.0227708,PLOS ONE,2020,0,0,0,1,0,0,0,0,0,0,0,0,1,0,0,0,0,Claim data is in appendix but it isn't
10.1371/journal.pone.0256532,PLOS ONE,2021,1,0,0,1,0,0,0,0,0,0,0,0,0,0,0,0,0,Appendix
10.1371/journal.pone.0236144,PLOS ONE,2020,1,1,0,1,0,0,0,0,0,0,0,0,0,0,0,0,0,Appendix
10.1371/journal.pone.0224438,PLOS ONE,2019,1,0,0,1,0,0,0,0,0,0,0,0,0,0,0,0,0,Appendix
10.1371/journal.pone.0266636,PLOS ONE,2022,1,1,0,0,0,0,0,0,0,1,0,0,0,0,0,0,0,Github
10.1371/journal.pone.0204370,PLOS ONE,2018,1,0,0,0,0,0,0,0,0,1,0,0,0,0,0,0,0,Github
10.1371/journal.pone.0194745,PLOS ONE,2018,1,0,0,0,0,0,0,0,0,0,1,0,0,0,0,0,0,Mendeley Data
10.1371/journal.pone.0201657,PLOS ONE,2018,1,0,0,1,0,0,0,0,0,0,0,0,0,0,0,0,0,Appendix
10.1371/journal.pone.0251522,PLOS ONE,2021,0,0,1,1,1,0,0,0,0,0,0,0,0,1,0,0,1,BUGS. Data claimed to be on Dryad but link broken
10.1371/journal.pone.0200733,PLOS ONE,2018,0,0,0,1,0,0,0,0,0,0,0,0,1,0,1,0,0,No way to re-generate simulated data (even though all data claimed to be available)
10.1371/journal.pone.0273630,PLOS ONE,2022,1,0,1,1,1,0,0,0,0,0,0,0,0,0,0,0,1,"Dryad, but review version only; BUGS"
10.1371/journal.pone.0195311,PLOS ONE,2018,1,1,0,1,0,0,0,0,0,0,0,0,0,0,0,0,0,Appendix
10.1371/journal.pone.0203122,PLOS ONE,2018,0,0,0,1,0,0,0,0,0,0,0,0,0,0,1,0,0,Partial data in appendix
10.1371/journal.pone.0242293,PLOS ONE,2021,1,0,0,0,0,1,0,0,0,0,0,0,0,0,0,0,0,Zenodo
10.1371/journal.pone.0205304,PLOS ONE,2018,0,1,0,1,0,0,0,0,0,0,0,0,1,0,0,0,0,Claim data is in appendix but it isn't
10.1371/journal.pone.0256346,PLOS ONE,2021,1,0,0,0,0,0,0,0,0,0,1,0,0,0,0,0,0,Outside database 
10.1038/s41598-020-77188-7,SCIENTIFIC REPORTS,2021,1,1,0,0,0,0,1,0,0,0,0,0,0,0,0,0,0,Figshare
10.1038/s41598-019-50605-2,SCIENTIFIC REPORTS,2019,0,0,0,0,0,0,1,0,0,0,0,0,0,1,0,0,0,Data claimed to be on Figshare but link goes to empty page
10.1038/s41598-021-99337-2,SCIENTIFIC REPORTS,2021,0,0,0,0,0,0,0,0,0,0,0,0,0,0,0,0,0,
10.1038/s41598-018-33872-3,SCIENTIFIC REPORTS,2018,0,1,0,1,0,0,0,0,0,0,0,0,0,0,0,0,0,Appendix
10.1038/s41598-018-28432-8,SCIENTIFIC REPORTS,2018,1,0,1,1,0,0,0,0,0,0,0,0,0,0,0,0,0,Appendix
10.1038/s41598-022-05853-0,SCIENTIFIC REPORTS,2022,1,0,1,1,0,0,0,0,0,0,0,0,0,0,1,0,0,Appendix
10.1038/s41598-020-63367-z,SCIENTIFIC REPORTS,2020,0,0,1,1,0,0,0,0,0,0,0,0,0,0,0,0,0,Appendix
10.1038/s41598-022-23108-w,SCIENTIFIC REPORTS,2022,0,0,0,0,1,0,0,0,0,0,0,0,0,1,0,0,0,Dryad link but it's dead
10.1038/s41598-022-15694-6,SCIENTIFIC REPORTS,2022,1,1,0,1,0,0,0,0,0,0,0,0,0,0,0,0,0,Appendix
10.1038/s41598-021-84010-5,SCIENTIFIC REPORTS,2021,1,1,0,1,0,0,0,0,0,0,0,0,0,0,0,0,0,Appendix
10.1038/s41598-019-44474-y,SCIENTIFIC REPORTS,2019,0,1,0,1,0,0,0,0,0,0,0,0,0,0,0,0,0,Appendix
10.1038/s41598-021-88348-8,SCIENTIFIC REPORTS,2021,0,0,0,0,0,0,0,0,0,0,0,0,0,0,0,0,0,
10.1038/s41598-022-16368-z,SCIENTIFIC REPORTS,2022,0,0,0,0,0,0,0,0,0,1,1,0,0,1,0,1,0,eBird data but no explanation
10.1038/s41598-019-51213-w,SCIENTIFIC REPORTS,2019,0,0,0,0,0,0,0,0,0,0,0,0,0,0,0,0,0,
10.1038/s41598-019-44075-9,SCIENTIFIC REPORTS,2019,0,0,1,1,0,0,0,0,0,0,0,0,0,0,0,0,0,Appendix
10.1038/s41598-021-92437-z,SCIENTIFIC REPORTS,2021,0,0,0,0,0,0,0,0,0,0,0,0,0,0,0,0,0,
10.1038/s41598-022-08013-6,SCIENTIFIC REPORTS,2022,0,0,0,0,0,0,0,0,0,0,0,0,0,0,0,0,0,
10.1038/s41598-021-98100-x,SCIENTIFIC REPORTS,2021,1,1,0,0,0,1,0,0,0,0,0,0,0,0,0,0,0,Outside database 
10.1038/s41598-020-63492-9,SCIENTIFIC REPORTS,2020,0,0,0,0,0,0,0,0,0,0,0,0,0,0,0,0,0,
10.1038/s41598-022-21499-4,SCIENTIFIC REPORTS,2022,1,1,0,0,1,1,0,0,0,0,0,0,0,0,0,0,0,"Dryad, Zenodo"
10.1038/s41598-020-73893-5,SCIENTIFIC REPORTS,2020,1,0,0,1,0,0,0,0,0,0,0,0,0,0,0,0,0,Appendix
10.1038/s41598-020-79101-8,SCIENTIFIC REPORTS,2021,0,0,0,0,0,0,0,0,0,0,0,0,0,0,0,0,0,
10.1038/s41598-019-44795-y,SCIENTIFIC REPORTS,2019,1,0,0,1,0,0,0,0,0,0,0,0,0,0,0,0,0,Appendix
10.1038/s41598-018-23502-3,SCIENTIFIC REPORTS,2018,0,0,0,0,0,0,0,0,0,0,0,0,0,0,0,0,0,
10.1038/s41598-018-23740-5,SCIENTIFIC REPORTS,2018,1,0,0,1,0,0,0,0,0,0,0,0,0,0,0,0,0,Appendix
10.1038/s41598-020-58937-0,SCIENTIFIC REPORTS,2020,0,0,0,0,1,0,0,0,0,0,0,0,0,1,0,0,0,Claim data in Dryad but no link
10.1038/s41598-019-48193-2,SCIENTIFIC REPORTS,2019,0,0,0,0,0,0,0,0,0,0,0,0,0,0,0,0,0,
10.1038/s41598-019-48851-5,SCIENTIFIC REPORTS,2019,0,0,0,0,0,0,0,0,0,0,1,0,0,0,0,1,0,BBS data but no shared
10.1038/s41598-020-65017-w,SCIENTIFIC REPORTS,2020,1,0,1,1,1,0,0,0,0,0,0,0,0,0,0,0,1,"Dryad, Appendix, just Stan code"
10.1038/s41598-021-81605-w,SCIENTIFIC REPORTS,2021,1,0,0,1,0,0,0,0,0,0,0,0,0,0,0,0,0,Appendix
10.1038/s41598-021-02169-3,SCIENTIFIC REPORTS,2021,0,0,0,0,0,0,0,0,0,0,0,0,0,0,0,0,0,
10.1038/s41598-018-34824-7,SCIENTIFIC REPORTS,2018,1,1,0,0,1,0,0,0,0,0,0,0,0,0,0,0,0,Dryad
10.1038/s41598-018-20675-9,SCIENTIFIC REPORTS,2018,0,0,1,1,0,0,0,0,0,0,0,0,0,0,0,0,1,BUGS
10.1038/s41598-022-14465-7,SCIENTIFIC REPORTS,2022,1,0,1,1,0,0,0,0,0,0,0,0,0,0,0,0,1,BUGS
10.1038/s41598-022-05442-1,SCIENTIFIC REPORTS,2022,1,0,1,0,0,0,0,0,0,0,1,0,0,0,1,0,0,Outside database
10.1038/s41598-019-52875-2,SCIENTIFIC REPORTS,2019,1,1,0,1,0,0,0,0,0,1,0,0,0,0,0,0,0,Github
10.1038/s41598-018-34936-0,SCIENTIFIC REPORTS,2018,1,1,0,0,0,0,1,0,0,0,0,0,0,0,0,0,0,Figshare
10.1038/s41598-020-58851-5,SCIENTIFIC REPORTS,2020,0,0,0,0,0,0,0,0,0,0,0,0,0,0,0,0,0,
10.1038/s41598-022-16406-w,SCIENTIFIC REPORTS,2022,0,0,0,0,0,0,0,0,0,0,1,0,0,0,0,1,0,Some data publicly available but not explicitly provided
10.1038/s41598-018-23495-z,SCIENTIFIC REPORTS,2018,0,0,1,1,0,0,0,0,0,0,0,0,0,0,0,0,1,BUGS
10.1038/s41598-019-40233-1,SCIENTIFIC REPORTS,2019,0,0,0,1,0,0,0,0,0,0,0,0,1,0,0,0,0,Appendix implies data is available but it's not
10.1038/s41598-019-52783-5,SCIENTIFIC REPORTS,2019,0,0,0,0,0,0,0,0,0,0,0,0,0,0,0,0,0,
10.1038/s41598-021-91166-7,SCIENTIFIC REPORTS,2021,1,0,1,0,0,0,0,0,0,0,1,0,0,0,1,0,0,"Outside database; No case study code, only simulation code"
