"ID","Journal","Year","All_Data","All_Code","Partial_Code","Appendix","Dryad","Zenodo","Figshare","OSF","Org_Database","Github","Other_Database","Other_Paper","Missing_Appendix","Missing_Broken_Link","Missing_Components","Database_Not_Enough_Info","Model_Code_Only"
1,"BIOLOGICAL CONSERVATION",2021,0,0,0,0,0,0,0,0,0,0,0,0,0,0,0,0,0
2,"BIOLOGICAL CONSERVATION",2020,0,0,0,0,0,0,0,0,0,0,0,0,0,0,0,0,0
3,"BIOLOGICAL CONSERVATION",2022,0,0,0,0,0,0,0,0,0,0,0,0,0,0,0,0,0
4,"BIOLOGICAL CONSERVATION",2019,0,0,1,1,0,0,0,0,0,0,0,0,0,0,0,0,0
5,"BIOLOGICAL CONSERVATION",2018,1,0,0,0,0,0,0,0,1,0,0,0,0,0,0,0,0
6,"BIOLOGICAL CONSERVATION",2021,1,0,0,1,0,0,0,0,0,0,0,0,0,0,0,0,0
7,"BIOLOGICAL CONSERVATION",2021,0,1,0,1,0,0,0,0,0,0,0,0,0,0,0,0,0
8,"BIOLOGICAL CONSERVATION",2018,0,0,0,0,0,0,0,0,0,0,0,0,0,0,0,0,0
9,"BIOLOGICAL CONSERVATION",2019,0,0,0,0,0,0,0,0,0,0,0,0,0,0,0,0,0
10,"BIOLOGICAL CONSERVATION",2019,0,0,0,0,0,0,0,0,0,0,0,0,0,0,0,0,0
11,"BIOLOGICAL CONSERVATION",2022,0,0,0,0,0,0,0,0,0,0,0,0,0,0,0,0,0
12,"BIOLOGICAL CONSERVATION",2020,0,0,0,0,0,0,0,0,0,0,0,0,0,0,0,0,0
13,"BIOLOGICAL CONSERVATION",2020,0,0,1,1,0,0,0,0,0,0,0,0,0,0,0,0,1
14,"BIOLOGICAL CONSERVATION",2022,0,0,0,1,0,0,0,0,0,0,0,0,1,0,0,0,0
15,"BIOLOGICAL CONSERVATION",2018,0,0,0,0,0,0,0,0,0,0,0,0,0,0,0,0,0
16,"BIOLOGICAL CONSERVATION",2021,0,0,1,1,0,0,1,0,0,0,0,0,0,1,0,0,0
17,"BIOLOGICAL CONSERVATION",2020,1,0,0,1,0,0,0,0,0,0,0,0,0,0,0,0,0
18,"BIOLOGICAL CONSERVATION",2018,0,0,1,1,0,0,0,0,0,0,0,0,0,0,0,0,1
19,"BIOLOGICAL CONSERVATION",2020,0,0,0,0,0,0,0,0,0,0,0,0,0,0,0,0,0
20,"BIOLOGICAL CONSERVATION",2019,0,0,0,0,0,0,0,0,0,0,0,0,0,0,0,0,0
21,"BIOLOGICAL CONSERVATION",2022,1,1,0,0,0,0,1,0,0,0,0,0,0,0,0,0,0
22,"BIOLOGICAL CONSERVATION",2022,1,1,0,1,0,0,0,0,0,0,0,0,0,0,0,0,0
23,"BIOLOGICAL CONSERVATION",2019,1,0,0,0,1,0,0,0,0,0,0,0,0,1,0,0,0
24,"BIOLOGICAL CONSERVATION",2018,0,0,1,1,0,0,0,0,0,0,0,0,0,0,0,0,1
25,"BIOLOGICAL CONSERVATION",2019,0,0,0,0,0,0,0,0,0,0,0,0,0,0,0,0,0
26,"BIOLOGICAL CONSERVATION",2021,1,1,0,0,0,0,0,0,0,1,0,0,0,0,0,0,0
27,"BIOLOGICAL CONSERVATION",2019,1,1,0,0,0,0,0,1,0,0,0,0,0,0,0,0,0
28,"BIOLOGICAL CONSERVATION",2022,0,0,1,1,0,0,0,0,0,0,0,0,0,0,0,0,1
29,"BIOLOGICAL CONSERVATION",2018,0,0,0,0,0,0,0,0,0,0,0,0,0,0,0,0,0
30,"BIOLOGICAL CONSERVATION",2020,0,0,1,1,0,0,0,0,0,0,0,0,0,0,0,0,1
31,"BIOLOGICAL CONSERVATION",2018,0,0,0,0,0,0,0,0,0,0,0,0,0,0,0,0,0
32,"BIOLOGICAL CONSERVATION",2021,0,0,0,0,0,0,0,0,0,0,0,0,0,0,0,0,0
33,"BIOLOGICAL CONSERVATION",2019,0,1,0,1,0,0,0,0,0,0,0,0,0,0,0,0,0
34,"BIOLOGICAL CONSERVATION",2020,0,0,0,0,0,0,0,0,0,0,0,0,0,0,0,0,0
35,"BIOLOGICAL CONSERVATION",2020,1,1,0,1,0,0,0,0,0,0,0,0,0,0,0,0,0
36,"BIOLOGICAL CONSERVATION",2018,0,0,0,0,0,0,0,0,0,0,0,0,0,0,0,0,0
37,"BIOLOGICAL CONSERVATION",2020,0,0,0,0,0,0,0,0,0,0,1,0,0,0,0,0,0
38,"BIOLOGICAL CONSERVATION",2020,0,0,0,0,0,0,0,0,0,0,0,0,0,0,0,0,0
39,"BIOLOGICAL CONSERVATION",2020,0,0,0,0,0,0,0,0,0,0,0,0,0,0,0,0,0
40,"BIOLOGICAL CONSERVATION",2021,0,0,0,0,0,0,0,0,0,0,0,0,0,0,0,0,0
41,"BIOLOGICAL CONSERVATION",2020,0,0,0,1,0,0,0,0,0,0,0,0,1,0,0,0,0
42,"BIOLOGICAL CONSERVATION",2018,0,0,0,0,0,0,0,0,0,0,0,0,0,0,0,0,0
43,"BIOLOGICAL CONSERVATION",2019,0,0,0,0,0,0,0,0,0,0,0,0,0,0,0,0,0
44,"BIOLOGICAL CONSERVATION",2021,0,0,1,1,0,0,0,0,0,0,0,0,0,1,0,0,1
45,"BIOLOGICAL CONSERVATION",2022,1,1,0,0,0,0,0,0,0,0,1,0,0,0,0,0,0
46,"BIOLOGICAL CONSERVATION",2018,0,0,1,1,0,0,0,0,0,0,0,0,0,0,0,0,1
47,"BIOLOGICAL CONSERVATION",2021,0,0,0,0,0,0,1,0,0,0,0,0,0,1,0,0,0
48,"BIOLOGICAL CONSERVATION",2019,0,0,0,0,0,0,0,0,0,0,0,0,0,0,0,0,0
49,"BIOLOGICAL CONSERVATION",2019,0,1,0,1,0,0,0,0,0,0,0,0,0,0,0,0,0
50,"BIOLOGICAL CONSERVATION",2018,0,0,1,1,0,0,0,0,0,0,0,0,0,0,0,0,0
51,"BIOLOGICAL CONSERVATION",2021,0,0,1,1,0,0,0,0,0,0,0,0,0,0,0,0,0
52,"BIOLOGICAL CONSERVATION",2019,0,0,1,1,0,0,0,0,0,0,0,0,0,0,0,0,1
53,"BIOLOGICAL CONSERVATION",2019,0,0,0,0,0,0,0,0,0,0,0,1,0,0,0,0,0
54,"BIOLOGICAL CONSERVATION",2021,1,0,0,0,0,0,1,0,0,0,0,0,0,0,0,0,0
55,"BIOLOGICAL CONSERVATION",2021,0,0,0,0,0,0,0,0,0,0,0,0,0,0,0,0,0
56,"BIOLOGICAL CONSERVATION",2019,0,0,0,0,0,0,0,0,0,0,0,0,0,0,0,0,0
57,"BIOLOGICAL CONSERVATION",2019,1,0,0,1,0,0,0,0,0,0,0,0,0,0,0,0,0
58,"BIOLOGICAL CONSERVATION",2021,1,0,0,0,0,1,0,0,0,0,0,0,0,0,0,0,0
59,"BIOLOGICAL CONSERVATION",2020,1,1,0,1,0,0,1,0,0,0,0,0,0,0,0,0,0
60,"BIOLOGICAL CONSERVATION",2022,0,0,0,0,0,0,0,0,0,0,0,0,0,0,0,0,0
61,"BIOLOGICAL CONSERVATION",2018,0,0,1,1,0,0,0,0,0,0,0,0,0,0,0,0,0
62,"BIOLOGICAL CONSERVATION",2021,0,0,0,0,1,0,0,0,0,0,0,0,0,1,0,0,0
63,"BIOLOGICAL CONSERVATION",2020,0,0,1,1,0,0,0,0,0,0,0,0,0,0,0,0,1
64,"BIOLOGICAL CONSERVATION",2018,0,0,0,0,0,0,0,0,0,0,0,0,0,0,0,0,0
65,"BIOLOGICAL CONSERVATION",2020,0,0,0,0,0,0,0,0,0,0,0,0,0,0,0,0,0
66,"BIOLOGICAL CONSERVATION",2019,0,0,0,0,0,0,0,0,0,0,0,1,0,0,0,0,0
67,"BIOLOGICAL CONSERVATION",2020,0,1,0,1,1,0,0,0,0,0,0,0,0,1,0,0,0
68,"BIOLOGICAL CONSERVATION",2019,0,0,1,1,0,0,0,0,0,0,0,0,0,0,0,0,0
69,"BIOLOGICAL CONSERVATION",2018,0,0,0,0,0,0,0,0,0,0,0,0,0,0,0,0,0
70,"CONSERVATION BIOLOGY",2019,0,1,0,1,0,0,0,0,0,0,0,1,0,0,0,0,0
71,"CONSERVATION BIOLOGY",2018,0,0,1,1,0,0,0,0,0,0,0,0,0,0,0,0,1
72,"CONSERVATION BIOLOGY",2021,0,0,0,0,0,1,0,0,0,0,0,0,0,1,0,0,0
73,"CONSERVATION BIOLOGY",2021,0,0,1,1,0,0,0,0,0,0,0,0,0,0,0,0,0
74,"CONSERVATION BIOLOGY",2021,1,1,0,1,0,0,0,0,0,0,0,0,0,0,0,0,0
75,"CONSERVATION BIOLOGY",2022,0,0,0,0,0,0,0,0,0,0,0,0,0,0,0,0,0
76,"CONSERVATION BIOLOGY",2021,0,0,0,0,0,0,0,0,0,0,0,0,0,0,0,0,0
77,"CONSERVATION BIOLOGY",2020,0,0,0,0,0,0,0,0,0,0,0,0,0,0,0,0,0
78,"CONSERVATION BIOLOGY",2022,0,0,0,0,0,0,0,0,0,0,0,0,0,0,0,0,0
79,"CONSERVATION BIOLOGY",2022,0,0,1,1,0,0,0,0,0,0,0,0,0,0,0,0,1
80,"CONSERVATION BIOLOGY",2019,0,1,0,1,0,0,0,0,0,0,0,0,0,0,0,0,0
81,"CONSERVATION BIOLOGY",2019,0,0,1,1,0,0,0,0,0,0,1,0,0,0,0,1,0
82,"CONSERVATION BIOLOGY",2022,0,0,1,1,0,0,0,0,0,0,0,0,0,0,0,0,1
83,"CONSERVATION BIOLOGY",2022,0,0,0,0,0,0,0,0,0,0,0,0,0,0,0,0,0
84,"CONSERVATION BIOLOGY",2020,0,0,1,1,0,0,0,0,0,0,0,0,0,0,0,0,0
85,"CONSERVATION BIOLOGY",2019,0,0,0,0,0,0,0,0,0,0,0,0,0,0,0,0,0
86,"CONSERVATION BIOLOGY",2019,0,0,0,0,0,0,0,0,0,0,0,0,0,0,0,0,0
87,"CONSERVATION BIOLOGY",2022,1,1,0,0,0,1,0,0,0,1,0,0,0,0,0,0,0
88,"CONSERVATION BIOLOGY",2019,0,0,1,1,0,0,0,0,0,0,0,0,0,0,0,0,1
89,"CONSERVATION BIOLOGY",2020,0,0,0,0,0,0,0,0,0,0,0,0,0,0,0,0,0
90,"CONSERVATION BIOLOGY",2021,0,0,0,0,0,0,0,0,0,0,0,0,0,0,0,0,0
91,"CONSERVATION BIOLOGY",2018,0,0,1,1,0,0,0,0,0,0,0,0,0,0,0,0,1
92,"ECOLOGY AND EVOLUTION",2019,1,0,0,0,1,0,0,0,0,0,0,0,0,0,0,0,0
93,"ECOLOGY AND EVOLUTION",2022,1,1,0,0,0,1,0,0,0,0,0,0,0,0,0,0,1
94,"ECOLOGY AND EVOLUTION",2022,1,1,0,0,0,0,1,0,0,1,0,0,0,0,0,0,0
95,"ECOLOGY AND EVOLUTION",2022,1,1,0,0,0,0,1,0,0,0,0,0,0,0,0,0,0
96,"ECOLOGY AND EVOLUTION",2021,1,1,0,0,1,0,0,0,0,1,0,0,0,0,0,0,0
97,"ECOLOGY AND EVOLUTION",2019,1,0,0,0,1,0,0,0,0,0,0,0,0,0,0,0,0
98,"ECOLOGY AND EVOLUTION",2019,1,0,0,0,1,0,0,0,0,0,0,0,0,0,0,0,0
99,"ECOLOGY AND EVOLUTION",2021,1,0,0,0,0,0,1,0,0,0,0,0,0,0,0,0,0
100,"ECOLOGY AND EVOLUTION",2019,1,0,1,1,0,0,0,0,1,0,0,0,0,0,1,0,1
101,"ECOLOGY AND EVOLUTION",2021,1,0,1,0,1,1,0,0,0,0,0,0,0,0,0,0,0
102,"ECOLOGY AND EVOLUTION",2021,1,0,1,0,1,1,0,0,0,0,0,0,0,0,1,0,0
103,"ECOLOGY AND EVOLUTION",2022,1,1,0,1,0,0,0,0,0,0,0,0,0,0,0,0,0
104,"ECOLOGY AND EVOLUTION",2022,1,0,1,1,0,1,0,0,0,0,0,0,0,0,1,0,0
105,"ECOLOGY AND EVOLUTION",2020,1,0,0,0,0,1,0,0,0,0,0,0,0,0,0,0,0
106,"ECOLOGY AND EVOLUTION",2021,1,1,0,0,0,0,0,0,1,0,0,0,0,0,0,0,0
107,"ECOLOGY AND EVOLUTION",2022,0,0,0,0,0,0,0,0,0,0,0,0,0,0,0,0,0
108,"ECOLOGY AND EVOLUTION",2022,1,1,0,0,0,0,0,1,0,0,0,0,0,0,0,0,0
109,"ECOLOGY AND EVOLUTION",2018,1,0,0,0,1,0,0,0,0,0,0,0,0,0,0,0,0
110,"ECOLOGY AND EVOLUTION",2018,0,0,0,0,0,0,0,0,0,0,0,0,0,0,0,0,0
111,"ECOLOGY AND EVOLUTION",2021,0,0,0,0,0,0,0,0,0,0,1,0,0,0,0,1,0
112,"ECOLOGY AND EVOLUTION",2022,1,1,0,1,0,0,0,0,0,0,0,0,0,0,0,0,0
113,"ECOLOGY AND EVOLUTION",2022,1,0,0,0,1,0,0,0,0,0,0,0,0,0,1,0,0
114,"ECOLOGY AND EVOLUTION",2021,0,0,0,0,0,0,0,0,0,0,0,0,0,0,0,0,0
115,"ECOLOGY AND EVOLUTION",2019,1,0,0,0,1,0,0,0,0,0,0,0,0,0,0,0,0
116,"ECOLOGY AND EVOLUTION",2019,0,0,0,0,0,0,0,0,1,0,0,0,0,1,0,0,0
117,"ECOLOGY AND EVOLUTION",2018,1,1,0,0,0,1,0,0,0,0,0,0,0,0,0,0,0
118,"ECOLOGY AND EVOLUTION",2021,1,0,0,0,0,1,0,0,0,0,0,0,0,0,0,0,0
119,"ECOLOGY AND EVOLUTION",2022,1,1,0,0,0,0,0,0,1,0,0,0,0,0,0,0,0
120,"ECOLOGY AND EVOLUTION",2021,0,0,0,0,0,0,0,0,0,0,0,0,0,0,0,0,0
121,"ECOLOGY AND EVOLUTION",2022,1,0,0,1,0,0,0,0,0,0,0,0,0,0,0,0,0
122,"ECOLOGY AND EVOLUTION",2021,1,1,0,0,1,1,0,0,0,0,0,0,0,0,0,0,0
123,"ECOLOGY AND EVOLUTION",2022,1,1,0,0,0,0,0,0,1,0,0,0,0,0,0,0,0
124,"ECOLOGY AND EVOLUTION",2019,1,0,0,0,1,0,0,0,0,0,0,0,0,0,0,0,0
125,"ECOLOGY AND EVOLUTION",2021,1,0,0,0,0,0,1,0,0,0,0,0,0,0,0,0,0
126,"ECOLOGY AND EVOLUTION",2021,0,0,0,0,0,0,0,0,1,0,0,0,0,1,0,0,0
127,"ECOLOGY AND EVOLUTION",2022,1,1,0,0,0,0,0,0,1,0,0,0,0,0,0,0,0
128,"ECOLOGY AND EVOLUTION",2019,1,1,0,0,1,0,0,0,0,0,0,0,0,0,0,0,0
129,"ECOLOGY AND EVOLUTION",2022,1,0,0,0,0,0,1,0,0,0,0,0,0,0,0,0,0
130,"ECOLOGY AND EVOLUTION",2020,1,1,0,0,0,0,0,0,1,0,0,0,0,0,0,0,0
131,"ECOLOGY AND EVOLUTION",2021,1,0,1,1,0,0,0,0,0,0,0,1,0,0,0,0,0
132,"ECOLOGY AND EVOLUTION",2019,1,1,0,0,1,0,0,0,0,0,0,0,0,0,0,0,0
133,"ECOLOGY AND EVOLUTION",2018,0,0,0,0,0,0,0,0,0,0,0,0,0,0,0,0,0
134,"ECOLOGY AND EVOLUTION",2020,1,0,1,1,0,0,1,0,0,0,0,0,0,0,0,0,0
135,"ECOLOGY AND EVOLUTION",2018,0,0,0,0,0,0,0,0,1,0,0,0,0,1,0,0,0
136,"ECOLOGY AND EVOLUTION",2020,1,0,0,0,1,0,0,0,0,0,0,0,0,0,0,0,0
137,"ECOLOGY AND EVOLUTION",2019,1,1,0,0,0,0,0,0,0,1,0,0,0,0,0,0,0
138,"ECOLOGY AND EVOLUTION",2021,1,0,0,0,1,0,0,0,0,0,0,0,0,0,0,0,0
139,"ECOLOGY AND EVOLUTION",2019,0,0,0,0,0,0,0,0,0,0,0,0,0,1,0,0,0
140,"ECOLOGY AND EVOLUTION",2020,1,0,0,0,1,0,0,0,0,0,0,0,0,0,0,0,0
141,"ECOLOGY AND EVOLUTION",2021,1,1,0,0,1,0,0,0,0,0,0,0,0,0,0,0,0
142,"ECOLOGY AND EVOLUTION",2022,0,0,1,0,1,0,0,0,0,0,0,0,0,1,0,0,1
143,"ECOLOGY AND EVOLUTION",2021,1,0,0,0,1,0,0,0,0,0,0,0,0,0,0,0,0
144,"ECOLOGY AND EVOLUTION",2019,1,0,0,0,0,0,0,0,0,0,1,0,0,0,0,0,0
145,"ECOLOGY AND EVOLUTION",2022,0,0,0,0,1,0,0,0,0,0,0,0,0,1,0,0,0
146,"ECOLOGY AND EVOLUTION",2018,0,0,0,1,0,0,0,0,0,0,0,0,1,0,0,0,0
147,"ECOLOGY AND EVOLUTION",2019,1,1,0,0,1,0,0,0,0,0,0,0,0,0,0,0,0
148,"ECOLOGY AND EVOLUTION",2019,1,1,0,0,0,0,0,0,0,1,0,0,0,0,0,0,0
149,"ECOLOGY AND EVOLUTION",2019,1,0,1,1,1,0,0,0,0,0,0,0,0,0,0,0,1
150,"ECOLOGY AND EVOLUTION",2020,1,1,0,0,0,0,0,0,0,1,0,0,0,0,0,0,0
151,"ECOLOGY AND EVOLUTION",2019,1,0,0,0,0,0,0,0,1,0,0,0,0,0,0,0,0
152,"ECOLOGY AND EVOLUTION",2019,0,0,0,0,0,0,0,0,0,0,0,0,0,0,0,0,0
153,"ECOLOGY AND EVOLUTION",2018,1,1,0,0,1,0,0,0,0,0,0,0,0,0,0,0,0
154,"ECOLOGY AND EVOLUTION",2018,1,0,0,0,1,0,0,0,0,0,0,0,0,0,0,0,0
155,"ECOLOGY AND EVOLUTION",2021,1,1,0,0,1,0,0,0,0,0,0,0,0,0,0,0,0
156,"ECOLOGY AND EVOLUTION",2020,1,1,0,0,1,0,0,0,0,0,0,0,0,0,0,0,0
157,"ECOLOGY AND EVOLUTION",2018,1,0,0,0,1,0,0,0,0,0,0,0,0,0,0,0,0
158,"ECOLOGY AND EVOLUTION",2020,1,0,0,0,1,0,0,0,0,0,0,0,0,0,0,0,0
159,"ECOLOGY AND EVOLUTION",2019,0,0,1,1,0,0,0,0,0,0,0,0,0,0,0,0,1
160,"ECOLOGY AND EVOLUTION",2022,1,1,0,0,1,1,0,0,0,0,0,0,0,0,0,0,0
161,"ECOLOGY AND EVOLUTION",2019,0,0,0,0,0,0,0,0,1,0,0,0,0,1,0,0,0
162,"ECOLOGY AND EVOLUTION",2018,0,0,1,0,1,0,0,0,0,0,0,0,0,1,0,0,1
163,"ECOLOGY AND EVOLUTION",2022,0,0,0,0,0,0,0,0,0,0,0,0,0,0,0,0,0
164,"ECOLOGY AND EVOLUTION",2020,1,1,0,0,1,0,0,0,0,0,0,0,0,0,0,0,0
165,"ECOLOGY AND EVOLUTION",2019,1,1,0,0,0,0,0,0,0,0,1,0,0,0,0,0,0
166,"ECOLOGY AND EVOLUTION",2022,1,1,0,0,1,0,0,0,0,0,0,0,0,0,0,0,0
167,"ECOLOGY",2021,1,1,0,0,0,1,0,0,0,0,0,0,0,0,0,0,0
168,"ECOLOGY",2019,1,0,1,1,0,0,0,0,0,0,0,0,0,0,0,0,1
169,"ECOLOGY",2022,1,1,0,0,0,1,0,0,0,0,0,0,0,0,0,0,0
170,"ECOLOGY",2022,1,1,0,0,0,0,1,0,0,0,0,0,0,0,0,0,0
171,"ECOLOGY",2018,1,0,1,1,0,0,0,0,0,0,0,0,0,0,0,0,1
172,"ECOLOGY",2022,1,1,0,0,0,1,0,0,0,0,0,0,0,0,0,0,0
173,"ECOLOGY",2022,0,1,0,0,0,0,0,1,0,0,0,0,0,0,0,0,0
174,"ECOLOGY",2022,1,1,0,0,0,1,0,0,0,0,0,0,0,0,0,0,0
175,"ECOLOGY",2018,0,0,1,1,0,0,0,0,0,0,0,0,0,0,1,0,0
176,"ECOLOGY",2019,0,1,0,0,0,1,0,0,0,0,0,0,0,0,0,0,0
177,"ECOLOGY",2019,0,1,0,1,0,0,0,0,0,0,0,0,0,0,0,0,1
178,"ECOLOGY",2022,0,1,0,1,0,0,0,0,0,0,0,0,0,0,0,0,0
179,"ECOLOGY",2018,1,1,0,0,0,0,0,0,1,0,0,0,0,0,0,0,0
180,"ECOLOGY",2019,1,1,0,1,0,0,1,0,0,0,0,0,0,0,0,0,0
181,"ECOLOGY",2019,1,1,0,1,0,0,0,0,0,0,0,0,0,0,0,0,0
182,"ECOLOGY",2019,1,1,0,1,0,0,0,0,0,0,0,0,0,0,0,0,0
183,"ECOLOGY",2022,0,1,0,1,0,1,0,0,0,0,0,0,0,0,0,0,0
184,"ECOLOGY",2020,1,1,0,1,0,0,0,0,0,0,0,1,0,0,0,0,0
185,"ECOLOGY",2018,1,0,0,0,0,0,0,0,0,0,0,1,0,0,0,0,0
186,"ECOLOGY",2019,0,0,0,0,0,0,0,0,0,0,0,0,0,0,0,0,0
187,"ECOLOGY",2021,1,1,0,1,0,1,0,0,0,0,0,0,0,0,0,0,0
188,"ECOLOGY",2018,0,0,1,1,0,0,0,0,0,0,0,0,0,0,0,0,0
189,"ECOLOGY",2019,1,1,0,0,0,1,0,0,0,0,0,0,0,0,0,0,0
190,"ECOLOGY",2021,1,1,0,0,1,0,0,0,0,0,0,0,0,0,0,0,0
191,"ECOLOGY",2022,1,1,0,1,0,0,0,0,0,0,0,1,0,0,0,0,0
192,"ECOLOGY",2021,1,1,0,0,0,1,0,0,0,0,0,0,0,0,0,0,0
193,"ECOLOGY",2022,1,1,0,1,0,1,0,0,0,0,0,1,0,0,0,0,0
194,"ECOLOGY",2021,0,0,0,0,0,0,0,0,0,0,0,0,0,0,0,0,0
195,"ECOLOGY",2020,0,0,1,0,0,1,0,0,0,0,0,0,0,0,0,0,0
196,"ECOLOGY",2022,1,0,1,0,0,1,0,0,0,0,0,0,0,0,1,0,0
197,"ECOLOGY",2018,1,1,0,1,0,0,1,0,0,0,0,0,0,0,0,0,0
198,"ECOLOGY",2020,1,1,0,1,1,0,0,0,0,0,0,0,0,0,0,0,0
199,"ECOLOGY",2018,0,0,0,0,0,0,0,0,0,0,0,0,0,0,0,0,0
200,"ECOLOGY",2019,0,0,1,1,0,0,0,0,0,0,0,0,0,0,0,0,0
201,"ECOLOGY",2022,1,1,0,1,1,1,0,0,0,0,0,0,0,0,0,0,0
202,"ECOLOGY",2022,1,1,0,0,1,1,0,0,0,0,0,0,0,0,0,0,0
203,"ECOLOGY",2021,1,1,0,0,0,1,0,0,0,0,0,0,0,0,0,0,0
204,"ECOLOGY",2020,0,0,0,0,0,0,0,0,0,0,0,0,0,0,0,0,0
205,"ECOLOGY",2020,0,0,0,0,0,0,0,0,0,0,0,0,0,0,0,0,0
206,"ECOLOGY",2021,1,1,0,1,0,1,0,0,0,0,0,0,0,0,0,0,0
207,"ECOSPHERE",2018,1,0,0,0,0,0,0,0,0,0,0,0,0,0,0,0,0
208,"ECOSPHERE",2021,1,0,1,1,0,0,0,0,0,0,0,1,0,0,0,0,0
209,"ECOSPHERE",2021,0,0,1,1,0,0,0,0,0,0,0,0,0,0,0,0,1
210,"ECOSPHERE",2021,1,0,0,0,0,0,0,0,0,0,1,0,0,0,0,0,0
211,"ECOSPHERE",2021,1,0,0,0,0,0,0,0,0,0,0,0,0,0,0,0,0
212,"ECOSPHERE",2022,1,1,0,0,0,0,0,0,1,0,0,0,0,0,0,0,0
213,"ECOSPHERE",2022,1,1,0,0,0,1,0,0,0,0,0,0,0,0,0,0,0
214,"ECOSPHERE",2020,0,0,0,0,0,0,0,0,0,0,0,0,0,0,0,0,0
215,"ECOSPHERE",2021,1,0,1,1,0,1,0,0,0,0,0,0,0,0,0,0,1
216,"ECOSPHERE",2020,0,0,0,0,0,0,0,0,0,0,0,0,0,0,0,0,0
217,"ECOSPHERE",2022,1,0,1,1,1,0,0,0,0,0,0,0,0,0,1,0,0
218,"ECOSPHERE",2019,0,0,1,1,0,0,0,0,0,0,0,0,0,0,0,0,0
219,"ECOSPHERE",2019,0,0,0,1,0,0,0,0,0,0,0,0,0,1,0,0,0
220,"ECOSPHERE",2021,0,0,0,0,0,0,0,0,0,0,0,0,0,0,0,0,0
221,"ECOSPHERE",2018,0,0,0,0,0,0,0,0,0,0,0,0,0,0,0,0,0
222,"ECOSPHERE",2019,1,1,0,1,0,0,0,0,0,0,0,0,0,0,0,0,0
223,"ECOSPHERE",2019,0,0,0,0,0,0,0,0,0,0,0,0,0,0,0,0,0
224,"ECOSPHERE",2020,0,0,1,1,0,0,0,0,0,0,0,0,0,0,0,0,1
225,"ECOSPHERE",2018,0,0,1,1,0,0,0,0,0,0,0,0,0,0,0,0,1
226,"ECOSPHERE",2018,0,0,0,0,0,0,0,0,0,0,0,0,0,0,0,0,0
227,"ECOSPHERE",2019,0,0,1,1,0,0,0,0,0,0,0,0,0,0,0,0,1
228,"ECOSPHERE",2021,0,0,0,0,0,0,0,0,0,0,0,0,0,0,0,0,0
229,"ECOSPHERE",2021,0,1,0,1,0,0,0,0,0,0,0,0,0,0,0,0,0
230,"ECOSPHERE",2020,0,0,1,1,0,0,0,0,0,0,0,0,0,0,0,0,0
231,"ECOSPHERE",2019,1,0,0,0,0,0,1,0,0,0,0,0,0,0,0,0,0
232,"ECOSPHERE",2021,0,0,0,0,0,0,0,0,0,0,0,0,0,0,0,0,0
233,"ECOSPHERE",2019,0,0,0,0,0,0,0,0,0,0,0,0,0,0,0,0,0
234,"ECOSPHERE",2022,1,0,0,0,1,0,0,0,0,0,0,0,0,0,0,0,0
235,"ECOSPHERE",2018,1,1,0,0,0,0,0,0,0,1,0,0,0,0,0,0,0
236,"ECOSPHERE",2019,0,0,0,1,0,0,0,0,0,0,0,0,1,0,0,0,0
237,"ECOSPHERE",2019,1,1,0,1,0,0,0,0,0,0,0,0,0,0,0,0,0
238,"ECOSPHERE",2021,0,0,0,0,0,0,0,0,0,0,0,0,0,0,0,0,0
239,"ECOSPHERE",2021,1,1,0,0,0,1,0,0,0,0,0,0,0,0,0,0,0
240,"ECOSPHERE",2021,1,0,1,0,0,0,1,0,0,0,0,0,0,0,0,0,1
241,"ECOSPHERE",2018,1,1,0,1,0,0,0,0,0,0,0,0,0,0,0,0,0
242,"ECOSPHERE",2021,1,0,0,0,0,0,1,0,0,0,0,0,0,0,0,0,0
243,"ECOSPHERE",2018,1,1,0,1,0,0,0,0,0,0,0,0,0,0,0,0,0
244,"ECOSPHERE",2018,1,1,0,1,0,0,0,0,0,0,0,0,0,0,0,0,0
245,"ECOSPHERE",2022,1,0,0,0,0,1,0,0,0,0,0,0,0,0,1,0,0
246,"ECOSPHERE",2019,0,0,1,1,0,0,0,0,0,0,0,0,0,0,0,0,1
247,"ECOSPHERE",2021,0,0,1,1,0,0,0,0,0,0,0,0,0,0,0,0,1
248,"ECOSPHERE",2021,1,0,0,0,1,0,0,0,0,0,0,0,0,0,0,0,0
249,"ECOSPHERE",2021,1,1,0,0,0,0,0,0,0,1,0,0,0,0,0,0,0
250,"ECOSPHERE",2021,1,1,0,0,0,0,1,0,0,0,0,0,0,0,0,0,0
251,"ECOSPHERE",2018,0,0,0,0,0,0,0,0,0,0,0,0,0,0,0,0,0
252,"ECOSPHERE",2021,1,1,0,1,0,0,0,0,0,0,0,0,0,0,0,0,0
253,"ECOSPHERE",2021,0,0,0,0,0,0,0,0,0,0,0,0,0,0,0,0,0
254,"ECOSPHERE",2021,0,0,0,0,0,0,0,0,0,0,0,0,0,0,0,0,0
255,"ECOSPHERE",2022,1,0,0,0,0,0,0,0,1,0,0,0,0,0,0,0,0
256,"ECOSPHERE",2020,1,1,0,1,0,0,0,0,0,0,0,0,0,0,0,0,0
257,"ECOSPHERE",2018,0,0,1,0,0,0,0,0,0,0,1,0,0,0,0,1,1
258,"ECOSPHERE",2020,0,0,1,1,0,0,0,0,0,0,0,0,0,0,0,0,1
259,"ECOSPHERE",2022,0,0,1,1,0,0,0,0,0,0,0,0,0,0,0,0,1
260,"ECOSPHERE",2022,1,1,0,0,0,1,0,0,0,0,0,0,0,0,0,0,0
261,"ECOSPHERE",2021,1,0,0,0,0,0,1,0,0,0,0,0,0,0,0,0,0
262,"ECOSPHERE",2018,1,1,0,1,0,0,0,0,0,0,0,0,0,0,0,0,0
263,"ECOSPHERE",2021,1,1,0,0,0,0,0,0,0,1,0,0,0,0,0,0,0
264,"ECOSPHERE",2019,0,0,1,1,0,0,0,0,0,0,0,0,0,0,0,0,1
265,"ECOSPHERE",2019,0,0,1,1,0,0,0,0,0,0,0,0,0,0,1,0,0
266,"ECOSPHERE",2021,0,0,1,1,0,0,0,0,0,0,0,0,0,0,0,0,1
267,"ECOSPHERE",2020,0,0,0,0,0,0,0,0,0,1,0,0,0,1,0,0,0
268,"ECOSPHERE",2021,0,0,0,0,0,0,0,0,0,1,0,0,0,1,0,0,0
269,"ECOSPHERE",2019,0,0,0,0,0,0,0,0,0,0,0,0,0,0,0,0,0
270,"ECOSPHERE",2020,0,0,0,0,0,0,0,0,0,0,0,0,0,0,0,0,0
271,"ECOSPHERE",2022,1,1,0,0,0,1,0,0,0,0,0,0,0,0,0,0,0
272,"ECOSPHERE",2018,0,0,0,0,0,0,0,0,1,0,0,0,0,1,0,0,0
273,"ECOSPHERE",2021,1,0,0,0,0,0,1,0,0,0,0,0,0,0,0,0,0
274,"ECOSPHERE",2020,1,0,1,1,0,0,0,0,0,0,0,0,0,0,0,0,0
275,"ECOSPHERE",2022,1,0,0,0,1,0,0,0,0,0,0,0,0,0,0,0,0
276,"ECOSPHERE",2022,1,0,1,1,0,0,0,0,1,0,0,0,0,0,0,0,1
277,"ECOSPHERE",2019,1,0,0,0,1,0,0,0,0,0,0,0,0,0,0,0,0
278,"ECOSPHERE",2021,1,1,0,1,0,0,0,0,0,0,0,0,0,0,0,0,0
279,"ECOSPHERE",2021,1,1,0,1,0,0,0,0,0,0,0,0,0,0,0,0,0
280,"ECOSPHERE",2021,1,0,1,1,0,0,0,0,0,0,1,0,0,0,1,0,1
281,"ECOSPHERE",2019,0,0,0,0,0,0,0,0,0,0,0,0,0,0,0,0,0
282,"JOURNAL OF WILDLIFE MANAGEMENT",2022,0,0,0,0,0,0,0,0,0,0,0,0,0,0,0,0,0
283,"JOURNAL OF WILDLIFE MANAGEMENT",2020,0,0,0,1,0,0,0,0,0,0,0,0,1,0,0,0,0
284,"JOURNAL OF WILDLIFE MANAGEMENT",2022,1,1,0,0,0,0,1,0,0,0,0,0,0,0,0,0,0
285,"JOURNAL OF WILDLIFE MANAGEMENT",2022,0,0,0,0,0,0,0,0,0,0,0,0,0,0,0,0,0
286,"JOURNAL OF WILDLIFE MANAGEMENT",2020,0,1,0,1,0,0,0,0,0,1,0,0,0,0,0,0,0
287,"JOURNAL OF WILDLIFE MANAGEMENT",2020,0,0,1,1,0,0,0,0,0,0,0,0,0,0,0,0,0
288,"JOURNAL OF WILDLIFE MANAGEMENT",2018,0,0,0,0,0,0,0,0,0,0,0,0,0,0,0,0,0
289,"JOURNAL OF WILDLIFE MANAGEMENT",2019,1,0,0,0,1,0,0,0,0,0,0,0,0,0,0,0,0
290,"JOURNAL OF WILDLIFE MANAGEMENT",2022,0,0,0,0,0,0,0,0,0,0,0,0,0,0,0,0,0
291,"JOURNAL OF WILDLIFE MANAGEMENT",2021,0,0,0,0,0,0,0,0,0,0,0,0,0,0,0,0,0
292,"JOURNAL OF WILDLIFE MANAGEMENT",2021,0,0,0,0,0,0,0,0,0,0,0,0,0,0,0,0,0
293,"JOURNAL OF WILDLIFE MANAGEMENT",2022,1,0,0,1,0,0,0,0,0,0,0,0,0,0,0,0,0
294,"JOURNAL OF WILDLIFE MANAGEMENT",2018,0,0,1,1,0,0,0,0,0,0,0,0,0,0,0,0,1
295,"JOURNAL OF WILDLIFE MANAGEMENT",2020,0,0,0,0,0,0,0,0,0,0,0,0,0,0,0,0,0
296,"JOURNAL OF WILDLIFE MANAGEMENT",2020,0,0,1,1,0,0,0,0,0,0,0,0,0,0,0,0,1
297,"JOURNAL OF WILDLIFE MANAGEMENT",2019,0,0,0,0,0,0,0,0,0,0,0,0,0,0,0,0,0
298,"JOURNAL OF WILDLIFE MANAGEMENT",2021,1,1,0,1,0,0,0,0,0,0,0,0,0,0,0,0,0
299,"JOURNAL OF WILDLIFE MANAGEMENT",2022,0,1,0,1,0,0,0,0,0,0,0,0,0,0,0,0,0
300,"JOURNAL OF WILDLIFE MANAGEMENT",2022,0,0,0,0,0,0,0,0,0,0,0,0,0,0,0,0,0
301,"JOURNAL OF WILDLIFE MANAGEMENT",2022,0,0,1,0,0,0,0,0,1,0,0,0,0,0,0,0,0
302,"JOURNAL OF WILDLIFE MANAGEMENT",2020,0,0,0,0,0,0,0,0,0,0,0,0,0,0,0,0,0
303,"JOURNAL OF WILDLIFE MANAGEMENT",2018,0,0,0,0,0,0,0,0,0,0,0,0,0,0,0,0,0
304,"JOURNAL OF WILDLIFE MANAGEMENT",2021,1,1,0,0,0,0,0,0,0,1,0,0,0,0,0,0,0
305,"JOURNAL OF WILDLIFE MANAGEMENT",2021,0,0,0,0,0,0,0,0,0,0,0,0,0,0,0,0,0
306,"JOURNAL OF WILDLIFE MANAGEMENT",2021,0,0,0,0,0,0,0,0,0,0,0,0,0,0,0,0,0
307,"JOURNAL OF WILDLIFE MANAGEMENT",2019,0,0,0,0,0,0,0,0,0,0,0,0,0,0,0,0,0
308,"JOURNAL OF WILDLIFE MANAGEMENT",2020,0,0,0,0,0,0,0,0,0,0,0,0,0,0,0,0,0
309,"JOURNAL OF WILDLIFE MANAGEMENT",2018,0,0,0,0,0,0,0,0,0,0,0,0,0,0,0,0,0
310,"JOURNAL OF WILDLIFE MANAGEMENT",2019,0,0,0,0,0,0,0,0,0,0,0,0,0,0,0,0,0
311,"JOURNAL OF WILDLIFE MANAGEMENT",2018,0,0,0,0,0,0,0,0,0,0,0,0,0,0,0,0,0
312,"JOURNAL OF WILDLIFE MANAGEMENT",2020,0,0,0,0,0,0,0,0,0,0,0,0,0,0,0,0,0
313,"JOURNAL OF WILDLIFE MANAGEMENT",2019,0,0,0,0,0,0,0,0,0,0,0,0,0,0,0,0,0
314,"JOURNAL OF WILDLIFE MANAGEMENT",2021,0,0,0,0,0,0,0,0,0,0,0,0,0,0,0,0,0
315,"JOURNAL OF WILDLIFE MANAGEMENT",2022,0,0,0,0,0,0,0,0,0,0,0,0,0,0,0,0,0
316,"JOURNAL OF WILDLIFE MANAGEMENT",2022,0,1,0,1,0,0,0,0,0,0,0,0,0,0,0,0,0
317,"JOURNAL OF WILDLIFE MANAGEMENT",2019,0,0,0,0,0,0,0,0,0,0,0,0,0,0,0,0,0
318,"JOURNAL OF WILDLIFE MANAGEMENT",2020,0,0,0,0,0,0,0,0,0,0,0,0,0,0,0,0,0
319,"JOURNAL OF WILDLIFE MANAGEMENT",2018,1,1,0,1,0,0,0,0,0,0,0,0,0,0,0,0,0
320,"JOURNAL OF WILDLIFE MANAGEMENT",2019,0,0,0,0,0,0,0,0,0,0,0,0,0,0,0,0,0
321,"JOURNAL OF WILDLIFE MANAGEMENT",2021,0,0,0,0,0,0,0,0,0,0,0,0,0,0,0,0,0
322,"JOURNAL OF WILDLIFE MANAGEMENT",2022,0,0,1,1,0,0,0,0,0,0,0,0,0,0,0,0,1
323,"JOURNAL OF WILDLIFE MANAGEMENT",2019,1,1,0,0,0,1,0,0,0,0,0,0,0,0,0,0,0
324,"JOURNAL OF WILDLIFE MANAGEMENT",2022,0,0,0,0,0,0,0,0,0,0,0,0,0,0,0,0,0
325,"JOURNAL OF WILDLIFE MANAGEMENT",2018,0,0,0,0,0,0,0,0,0,0,0,0,0,0,0,0,0
326,"JOURNAL OF WILDLIFE MANAGEMENT",2019,0,1,0,1,0,0,0,0,0,0,0,0,0,0,0,0,0
327,"JOURNAL OF WILDLIFE MANAGEMENT",2022,1,1,0,0,0,1,0,0,0,0,0,0,0,0,0,0,0
328,"JOURNAL OF WILDLIFE MANAGEMENT",2018,0,0,0,0,0,0,0,0,0,0,0,0,0,0,0,0,0
329,"JOURNAL OF WILDLIFE MANAGEMENT",2022,0,0,0,0,0,0,0,0,0,0,0,0,0,1,0,0,0
330,"JOURNAL OF WILDLIFE MANAGEMENT",2022,1,1,0,0,0,0,1,0,0,0,0,0,0,0,0,0,0
331,"JOURNAL OF WILDLIFE MANAGEMENT",2020,0,0,0,0,0,0,0,0,0,0,0,0,0,0,0,0,0
332,"JOURNAL OF WILDLIFE MANAGEMENT",2021,1,1,0,0,0,0,1,0,0,0,0,0,0,0,0,0,0
333,"JOURNAL OF WILDLIFE MANAGEMENT",2019,0,0,0,0,0,0,0,0,0,0,0,0,0,0,0,0,0
334,"JOURNAL OF WILDLIFE MANAGEMENT",2021,0,0,0,0,0,0,0,0,0,0,0,0,0,0,0,0,0
335,"JOURNAL OF WILDLIFE MANAGEMENT",2021,0,0,0,0,0,0,0,0,0,0,0,0,0,0,0,0,0
336,"JOURNAL OF WILDLIFE MANAGEMENT",2018,0,0,0,0,0,0,0,0,0,0,0,0,0,0,0,0,0
337,"JOURNAL OF WILDLIFE MANAGEMENT",2022,0,0,1,1,0,0,0,0,0,0,1,0,0,0,0,1,1
338,"JOURNAL OF WILDLIFE MANAGEMENT",2019,0,0,0,0,0,0,0,0,0,0,0,0,0,0,0,0,0
339,"JOURNAL OF WILDLIFE MANAGEMENT",2022,0,0,0,0,0,0,0,0,0,0,0,0,0,0,0,0,0
340,"JOURNAL OF WILDLIFE MANAGEMENT",2018,0,0,0,0,0,0,0,0,0,0,0,0,0,0,0,0,0
341,"JOURNAL OF WILDLIFE MANAGEMENT",2021,0,0,1,1,0,0,0,0,0,0,0,0,0,0,0,0,0
342,"JOURNAL OF WILDLIFE MANAGEMENT",2020,0,0,0,0,0,0,0,0,0,0,0,0,0,0,0,0,0
343,"JOURNAL OF WILDLIFE MANAGEMENT",2018,0,0,1,1,0,0,0,0,0,0,0,0,0,0,0,0,0
344,"JOURNAL OF WILDLIFE MANAGEMENT",2022,0,0,0,0,0,0,0,0,0,0,0,0,0,0,0,0,0
345,"JOURNAL OF WILDLIFE MANAGEMENT",2020,0,1,0,1,0,0,0,0,0,0,0,0,0,0,0,0,0
346,"JOURNAL OF WILDLIFE MANAGEMENT",2022,0,0,0,0,0,0,0,0,0,0,0,0,0,0,0,0,0
347,"JOURNAL OF WILDLIFE MANAGEMENT",2022,1,1,0,1,0,0,0,0,0,0,0,0,0,0,0,0,0
348,"JOURNAL OF WILDLIFE MANAGEMENT",2021,0,1,0,0,0,0,0,0,0,1,0,0,0,0,0,0,0
349,"JOURNAL OF WILDLIFE MANAGEMENT",2019,0,0,0,0,0,0,0,0,0,0,0,0,0,0,0,0,0
350,"JOURNAL OF WILDLIFE MANAGEMENT",2022,0,1,0,0,0,0,0,0,0,1,0,0,0,0,0,0,0
351,"JOURNAL OF WILDLIFE MANAGEMENT",2018,0,0,0,0,0,0,0,0,0,0,0,0,0,0,0,0,0
352,"JOURNAL OF WILDLIFE MANAGEMENT",2019,0,0,0,0,0,0,0,0,0,0,0,0,0,0,0,0,0
353,"JOURNAL OF WILDLIFE MANAGEMENT",2019,0,0,0,0,0,0,0,0,0,0,0,0,0,0,0,0,0
354,"JOURNAL OF WILDLIFE MANAGEMENT",2021,0,0,1,1,0,0,0,0,0,0,0,0,0,0,0,0,1
355,"JOURNAL OF WILDLIFE MANAGEMENT",2022,0,0,1,1,0,0,0,0,0,0,0,0,0,0,0,0,1
356,"JOURNAL OF WILDLIFE MANAGEMENT",2020,0,0,0,0,0,0,0,0,0,0,0,0,0,0,0,0,0
357,"METHODS IN ECOLOGY AND EVOLUTION",2018,1,0,1,0,0,1,0,0,0,0,0,0,0,0,0,0,0
358,"METHODS IN ECOLOGY AND EVOLUTION",2022,1,1,0,0,0,1,0,0,0,0,0,0,0,0,0,0,0
359,"METHODS IN ECOLOGY AND EVOLUTION",2018,1,1,0,0,0,1,0,0,0,0,0,0,0,0,0,0,0
360,"METHODS IN ECOLOGY AND EVOLUTION",2020,1,1,0,0,1,0,0,0,1,0,0,0,0,0,0,0,0
361,"METHODS IN ECOLOGY AND EVOLUTION",2018,1,1,0,0,0,1,0,0,0,0,0,0,0,0,0,0,0
362,"METHODS IN ECOLOGY AND EVOLUTION",2020,1,1,0,0,1,0,0,0,0,0,0,0,0,0,0,0,0
363,"METHODS IN ECOLOGY AND EVOLUTION",2022,1,0,1,0,0,1,0,0,0,0,0,0,0,0,0,0,0
364,"METHODS IN ECOLOGY AND EVOLUTION",2021,1,1,0,0,0,1,0,0,0,0,0,0,0,0,0,0,0
365,"METHODS IN ECOLOGY AND EVOLUTION",2019,1,1,0,0,0,0,0,1,0,0,0,0,0,0,0,0,0
366,"METHODS IN ECOLOGY AND EVOLUTION",2019,1,1,0,1,0,0,0,0,0,0,1,0,0,0,0,0,0
367,"METHODS IN ECOLOGY AND EVOLUTION",2019,1,1,0,0,1,0,0,0,0,0,0,0,0,0,0,0,0
368,"METHODS IN ECOLOGY AND EVOLUTION",2018,1,1,0,0,0,0,1,0,0,0,0,0,0,0,0,0,0
369,"METHODS IN ECOLOGY AND EVOLUTION",2022,1,0,1,1,1,1,0,0,0,0,0,0,0,0,1,0,0
370,"METHODS IN ECOLOGY AND EVOLUTION",2018,1,0,1,1,1,0,0,0,0,0,0,0,0,0,1,0,1
371,"METHODS IN ECOLOGY AND EVOLUTION",2022,1,1,0,0,0,0,0,0,0,1,0,0,0,0,0,0,0
372,"METHODS IN ECOLOGY AND EVOLUTION",2021,1,1,0,0,0,1,0,0,0,0,0,0,0,0,0,0,0
373,"METHODS IN ECOLOGY AND EVOLUTION",2020,1,0,0,0,1,0,0,0,0,0,0,0,0,0,0,0,0
374,"METHODS IN ECOLOGY AND EVOLUTION",2019,1,1,0,0,1,0,0,0,0,0,0,0,0,0,0,0,0
375,"METHODS IN ECOLOGY AND EVOLUTION",2020,1,1,0,0,0,1,0,0,0,0,0,0,0,0,0,0,0
376,"METHODS IN ECOLOGY AND EVOLUTION",2022,1,1,0,0,0,1,0,0,0,0,1,0,0,0,0,0,0
377,"METHODS IN ECOLOGY AND EVOLUTION",2022,1,1,0,0,1,1,0,0,0,0,0,0,0,0,0,0,0
378,"METHODS IN ECOLOGY AND EVOLUTION",2022,1,1,0,0,0,1,0,0,0,0,0,0,0,0,0,0,0
379,"METHODS IN ECOLOGY AND EVOLUTION",2018,1,1,0,0,1,0,0,0,0,0,0,0,0,0,0,0,0
380,"METHODS IN ECOLOGY AND EVOLUTION",2022,1,1,0,0,1,0,0,0,0,0,0,0,0,0,0,0,0
381,"METHODS IN ECOLOGY AND EVOLUTION",2021,1,1,0,0,0,1,0,0,0,0,0,0,0,0,0,0,0
382,"METHODS IN ECOLOGY AND EVOLUTION",2019,1,1,0,0,1,0,0,0,0,0,0,0,0,0,0,0,0
383,"METHODS IN ECOLOGY AND EVOLUTION",2018,0,0,0,0,1,0,0,0,0,0,0,0,0,1,0,0,0
384,"METHODS IN ECOLOGY AND EVOLUTION",2020,1,0,0,0,1,0,0,0,0,0,0,0,0,0,0,0,0
385,"METHODS IN ECOLOGY AND EVOLUTION",2022,1,1,0,0,1,1,0,0,0,0,0,0,0,0,0,0,0
386,"METHODS IN ECOLOGY AND EVOLUTION",2018,1,0,0,0,1,0,0,0,0,0,0,0,0,0,0,0,0
387,"METHODS IN ECOLOGY AND EVOLUTION",2020,1,0,1,0,1,1,0,0,0,0,0,0,0,0,0,0,0
388,"METHODS IN ECOLOGY AND EVOLUTION",2018,1,1,0,1,1,0,0,0,0,0,0,0,0,0,0,0,0
389,"METHODS IN ECOLOGY AND EVOLUTION",2022,1,1,0,0,0,0,0,0,0,1,0,0,0,0,0,0,0
390,"METHODS IN ECOLOGY AND EVOLUTION",2018,1,0,1,1,1,0,0,0,0,0,0,0,0,0,0,0,0
391,"METHODS IN ECOLOGY AND EVOLUTION",2018,1,1,0,0,1,1,0,0,0,0,0,0,0,0,1,0,0
392,"METHODS IN ECOLOGY AND EVOLUTION",2018,1,1,0,0,0,0,0,0,0,0,1,0,0,0,0,0,0
393,"METHODS IN ECOLOGY AND EVOLUTION",2019,1,1,0,1,1,0,0,0,0,0,0,0,0,0,0,0,0
394,"METHODS IN ECOLOGY AND EVOLUTION",2022,1,1,0,0,0,1,0,0,0,0,0,0,0,0,0,0,0
395,"METHODS IN ECOLOGY AND EVOLUTION",2022,1,0,1,0,1,1,0,0,0,0,0,0,0,0,0,0,1
396,"METHODS IN ECOLOGY AND EVOLUTION",2018,0,0,0,0,1,0,0,0,0,0,1,0,0,0,0,1,0
397,"METHODS IN ECOLOGY AND EVOLUTION",2019,1,0,0,0,1,0,0,0,0,0,0,0,0,0,0,0,0
398,"METHODS IN ECOLOGY AND EVOLUTION",2022,1,1,0,0,1,1,0,0,0,0,0,0,0,0,0,0,0
399,"METHODS IN ECOLOGY AND EVOLUTION",2018,1,1,0,0,0,0,1,0,0,0,0,0,0,0,0,0,0
400,"METHODS IN ECOLOGY AND EVOLUTION",2018,1,0,1,1,0,0,0,0,1,0,0,0,0,0,0,0,1
401,"METHODS IN ECOLOGY AND EVOLUTION",2021,1,1,0,0,0,1,0,0,1,0,0,0,0,0,0,0,0
402,"METHODS IN ECOLOGY AND EVOLUTION",2020,1,0,0,0,1,1,0,0,0,0,0,0,0,1,0,0,0
403,"PLOS ONE",2019,0,0,0,0,0,0,1,0,0,0,0,0,0,1,0,0,0
404,"PLOS ONE",2022,0,0,0,1,0,0,0,0,0,0,0,0,1,0,0,0,0
405,"PLOS ONE",2019,1,1,0,1,1,0,0,0,0,0,0,0,0,0,0,0,0
406,"PLOS ONE",2018,1,1,0,0,1,0,0,0,0,0,0,0,0,0,0,0,0
407,"PLOS ONE",2020,1,1,0,0,0,0,0,0,0,1,0,0,0,0,0,0,0
408,"PLOS ONE",2018,0,1,0,1,0,0,0,0,0,0,0,0,1,0,0,0,0
409,"PLOS ONE",2021,1,0,0,1,0,0,0,0,0,0,0,0,0,0,0,0,0
410,"PLOS ONE",2020,1,1,0,0,0,0,0,0,0,1,0,0,0,0,0,0,0
411,"PLOS ONE",2018,1,0,1,1,0,0,0,0,0,0,0,0,0,0,0,0,0
412,"PLOS ONE",2019,1,1,0,0,0,0,1,0,0,0,0,0,0,0,0,0,0
413,"PLOS ONE",2019,1,1,0,1,0,0,0,0,0,0,0,0,0,0,0,0,0
414,"PLOS ONE",2022,1,0,0,1,0,0,0,0,0,0,0,0,0,0,0,0,0
415,"PLOS ONE",2020,1,0,0,1,0,0,0,0,0,0,0,0,0,0,0,0,0
416,"PLOS ONE",2021,1,0,0,1,0,0,0,0,0,0,0,0,0,0,0,0,0
417,"PLOS ONE",2021,1,1,0,0,0,0,0,0,1,0,0,0,0,0,0,0,0
418,"PLOS ONE",2020,0,0,0,1,0,0,0,0,0,0,0,0,0,0,1,0,0
419,"PLOS ONE",2020,1,1,0,1,0,0,0,0,0,0,0,0,0,0,0,0,0
420,"PLOS ONE",2019,1,0,0,1,0,0,0,0,0,0,0,0,0,0,0,0,0
421,"PLOS ONE",2019,0,0,0,0,0,0,0,0,1,0,0,0,0,1,0,0,0
422,"PLOS ONE",2020,1,0,1,1,0,0,0,0,0,0,0,0,0,0,0,0,1
423,"PLOS ONE",2020,0,0,0,0,1,0,0,0,0,0,0,0,0,1,0,0,0
424,"PLOS ONE",2018,1,0,1,1,0,0,0,0,0,0,0,0,0,0,0,0,1
425,"PLOS ONE",2019,1,0,1,1,0,0,0,0,0,0,0,0,0,0,0,0,0
426,"PLOS ONE",2022,0,0,0,1,0,0,0,0,0,0,0,0,1,0,0,0,0
427,"PLOS ONE",2019,1,1,0,1,0,0,1,0,0,0,0,0,0,0,0,0,0
428,"PLOS ONE",2020,1,1,0,1,0,0,0,0,0,0,0,0,0,0,0,0,0
429,"PLOS ONE",2021,1,0,0,0,1,0,0,0,0,0,0,0,0,0,0,0,0
430,"PLOS ONE",2021,1,1,0,1,0,0,0,0,0,0,0,0,0,0,0,0,0
431,"PLOS ONE",2019,1,0,0,0,0,0,0,1,0,0,0,0,0,0,0,0,0
432,"PLOS ONE",2019,1,0,0,1,0,0,0,0,0,0,0,0,0,0,0,0,0
433,"PLOS ONE",2018,1,0,0,1,0,0,0,0,0,0,0,0,0,0,0,0,0
434,"PLOS ONE",2022,1,0,1,1,0,0,1,0,0,0,0,0,0,0,0,0,1
435,"PLOS ONE",2020,1,1,0,0,0,0,0,0,1,0,0,0,0,0,0,0,0
436,"PLOS ONE",2020,0,0,1,1,0,0,0,0,0,0,0,0,0,0,0,0,1
437,"PLOS ONE",2021,1,0,0,1,0,0,0,0,0,0,0,0,0,0,0,0,0
438,"PLOS ONE",2018,1,0,0,0,0,0,0,0,0,0,1,0,0,0,0,0,0
439,"PLOS ONE",2020,0,0,0,1,0,0,0,0,0,0,0,0,1,0,0,0,0
440,"PLOS ONE",2021,1,0,0,1,0,0,0,0,0,0,0,0,0,0,0,0,0
441,"PLOS ONE",2020,1,1,0,1,0,0,0,0,0,0,0,0,0,0,0,0,0
442,"PLOS ONE",2019,1,0,0,1,0,0,0,0,0,0,0,0,0,0,0,0,0
443,"PLOS ONE",2022,1,1,0,0,0,0,0,0,0,1,0,0,0,0,0,0,0
444,"PLOS ONE",2018,1,0,0,0,0,0,0,0,0,1,0,0,0,0,0,0,0
445,"PLOS ONE",2018,1,0,0,0,0,0,0,0,0,0,1,0,0,0,0,0,0
446,"PLOS ONE",2018,1,0,0,1,0,0,0,0,0,0,0,0,0,0,0,0,0
447,"PLOS ONE",2021,0,0,1,1,1,0,0,0,0,0,0,0,0,1,0,0,1
448,"PLOS ONE",2018,0,0,0,1,0,0,0,0,0,0,0,0,1,0,1,0,0
449,"PLOS ONE",2022,1,0,1,1,1,0,0,0,0,0,0,0,0,0,0,0,1
450,"PLOS ONE",2018,1,1,0,1,0,0,0,0,0,0,0,0,0,0,0,0,0
451,"PLOS ONE",2018,0,0,0,1,0,0,0,0,0,0,0,0,0,0,1,0,0
452,"PLOS ONE",2021,1,0,0,0,0,1,0,0,0,0,0,0,0,0,0,0,0
453,"PLOS ONE",2018,0,1,0,1,0,0,0,0,0,0,0,0,1,0,0,0,0
454,"PLOS ONE",2021,1,0,0,0,0,0,0,0,0,0,1,0,0,0,0,0,0
455,"SCIENTIFIC REPORTS",2021,1,1,0,0,0,0,1,0,0,0,0,0,0,0,0,0,0
456,"SCIENTIFIC REPORTS",2019,0,0,0,0,0,0,1,0,0,0,0,0,0,1,0,0,0
457,"SCIENTIFIC REPORTS",2021,0,0,0,0,0,0,0,0,0,0,0,0,0,0,0,0,0
458,"SCIENTIFIC REPORTS",2018,0,1,0,1,0,0,0,0,0,0,0,0,0,0,0,0,0
459,"SCIENTIFIC REPORTS",2018,1,0,1,1,0,0,0,0,0,0,0,0,0,0,0,0,0
460,"SCIENTIFIC REPORTS",2022,1,0,1,1,0,0,0,0,0,0,0,0,0,0,1,0,0
461,"SCIENTIFIC REPORTS",2020,0,0,1,1,0,0,0,0,0,0,0,0,0,0,0,0,0
462,"SCIENTIFIC REPORTS",2022,0,0,0,0,1,0,0,0,0,0,0,0,0,1,0,0,0
463,"SCIENTIFIC REPORTS",2022,1,1,0,1,0,0,0,0,0,0,0,0,0,0,0,0,0
464,"SCIENTIFIC REPORTS",2021,1,1,0,1,0,0,0,0,0,0,0,0,0,0,0,0,0
465,"SCIENTIFIC REPORTS",2019,0,1,0,1,0,0,0,0,0,0,0,0,0,0,0,0,0
466,"SCIENTIFIC REPORTS",2021,0,0,0,0,0,0,0,0,0,0,0,0,0,0,0,0,0
467,"SCIENTIFIC REPORTS",2022,0,0,0,0,0,0,0,0,0,1,1,0,0,1,0,1,0
468,"SCIENTIFIC REPORTS",2019,0,0,0,0,0,0,0,0,0,0,0,0,0,0,0,0,0
469,"SCIENTIFIC REPORTS",2019,0,0,1,1,0,0,0,0,0,0,0,0,0,0,0,0,0
470,"SCIENTIFIC REPORTS",2021,0,0,0,0,0,0,0,0,0,0,0,0,0,0,0,0,0
471,"SCIENTIFIC REPORTS",2022,0,0,0,0,0,0,0,0,0,0,0,0,0,0,0,0,0
472,"SCIENTIFIC REPORTS",2021,1,1,0,0,0,1,0,0,0,0,0,0,0,0,0,0,0
473,"SCIENTIFIC REPORTS",2020,0,0,0,0,0,0,0,0,0,0,0,0,0,0,0,0,0
474,"SCIENTIFIC REPORTS",2022,1,1,0,0,1,1,0,0,0,0,0,0,0,0,0,0,0
475,"SCIENTIFIC REPORTS",2020,1,0,0,1,0,0,0,0,0,0,0,0,0,0,0,0,0
476,"SCIENTIFIC REPORTS",2021,0,0,0,0,0,0,0,0,0,0,0,0,0,0,0,0,0
477,"SCIENTIFIC REPORTS",2019,1,0,0,1,0,0,0,0,0,0,0,0,0,0,0,0,0
478,"SCIENTIFIC REPORTS",2018,0,0,0,0,0,0,0,0,0,0,0,0,0,0,0,0,0
479,"SCIENTIFIC REPORTS",2018,1,0,0,1,0,0,0,0,0,0,0,0,0,0,0,0,0
480,"SCIENTIFIC REPORTS",2020,0,0,0,0,1,0,0,0,0,0,0,0,0,1,0,0,0
481,"SCIENTIFIC REPORTS",2019,0,0,0,0,0,0,0,0,0,0,0,0,0,0,0,0,0
482,"SCIENTIFIC REPORTS",2019,0,0,0,0,0,0,0,0,0,0,1,0,0,0,0,1,0
483,"SCIENTIFIC REPORTS",2020,1,0,1,1,1,0,0,0,0,0,0,0,0,0,0,0,1
484,"SCIENTIFIC REPORTS",2021,1,0,0,1,0,0,0,0,0,0,0,0,0,0,0,0,0
485,"SCIENTIFIC REPORTS",2021,0,0,0,0,0,0,0,0,0,0,0,0,0,0,0,0,0
486,"SCIENTIFIC REPORTS",2018,1,1,0,0,1,0,0,0,0,0,0,0,0,0,0,0,0
487,"SCIENTIFIC REPORTS",2018,0,0,1,1,0,0,0,0,0,0,0,0,0,0,0,0,1
488,"SCIENTIFIC REPORTS",2022,1,0,1,1,0,0,0,0,0,0,0,0,0,0,0,0,1
489,"SCIENTIFIC REPORTS",2022,1,0,1,0,0,0,0,0,0,0,1,0,0,0,1,0,0
490,"SCIENTIFIC REPORTS",2019,1,1,0,1,0,0,0,0,0,1,0,0,0,0,0,0,0
491,"SCIENTIFIC REPORTS",2018,1,1,0,0,0,0,1,0,0,0,0,0,0,0,0,0,0
492,"SCIENTIFIC REPORTS",2020,0,0,0,0,0,0,0,0,0,0,0,0,0,0,0,0,0
493,"SCIENTIFIC REPORTS",2022,0,0,0,0,0,0,0,0,0,0,1,0,0,0,0,1,0
494,"SCIENTIFIC REPORTS",2018,0,0,1,1,0,0,0,0,0,0,0,0,0,0,0,0,1
495,"SCIENTIFIC REPORTS",2019,0,0,0,1,0,0,0,0,0,0,0,0,1,0,0,0,0
496,"SCIENTIFIC REPORTS",2019,0,0,0,0,0,0,0,0,0,0,0,0,0,0,0,0,0
497,"SCIENTIFIC REPORTS",2021,1,0,1,0,0,0,0,0,0,0,1,0,0,0,1,0,0
